anom,date,sst,dhw,blue,green,red,nir
0.01,2022-01-01,27.82,0.0,0.043,0.0374,0.0155,0.0092
-0.1,2022-01-02,27.69,0.0,0.0445,0.03828,0.0149,0.00878
-0.12,2022-01-03,27.66,0.0,0.046,0.03916,0.0143,0.00836
-0.01,2022-01-04,27.76,0.0,0.0475,0.04004,0.0137,0.00794
0.05,2022-01-05,27.81,0.0,0.049,0.04092,0.0131,0.00752
0.09,2022-01-06,27.84,0.0,0.0505,0.0418,0.0125,0.0071
0.06,2022-01-07,27.8,0.0,0.05032,0.04266,0.01302,0.0074
0.07,2022-01-08,27.79,0.0,0.05014,0.0435199999999999,0.01354,0.0077
0.22,2022-01-09,27.93,0.0,0.04996,0.04438,0.01406,0.008
0.22,2022-01-10,27.92,0.0,0.04978,0.04524,0.01458,0.0083
0.27,2022-01-11,27.96,0.0,0.0496,0.0461,0.0151,0.0086
0.46,2022-01-12,28.14,0.0,0.05094,0.04614,0.0163,0.00934
0.62,2022-01-13,28.28,0.0,0.05228,0.04618,0.0175,0.01008
0.73,2022-01-14,28.38,0.0,0.05362,0.04622,0.0187,0.01082
0.92,2022-01-15,28.56,0.0,0.05496,0.04626,0.0199,0.01156
0.92,2022-01-16,28.55,0.0,0.0563,0.0463,0.0211,0.0123
1.0,2022-01-17,28.64,0.0,0.05474,0.04417,0.02012,0.01172
1.14,2022-01-18,28.8,0.019999999999999987,0.05318,0.04204,0.01914,0.01114
0.98,2022-01-19,28.65,0.019999999999999987,0.05162,0.03991,0.01816,0.01056
0.92,2022-01-20,28.61,0.019999999999999987,0.05006,0.03778,0.01718,0.00998
0.81,2022-01-21,28.52,0.019999999999999987,0.0485,0.03565,0.0162,0.0094
0.76,2022-01-22,28.48,0.019999999999999987,0.04694,0.03352,0.01522,0.00882
0.85,2022-01-23,28.59,0.019999999999999987,0.04538,0.03139,0.01424,0.00824
0.98,2022-01-24,28.73,0.019999999999999987,0.04382,0.02926,0.01326,0.00766
1.02,2022-01-25,28.79,0.022857142857142847,0.04226,0.02713,0.01228,0.00708
0.96,2022-01-26,28.75,0.022857142857142847,0.0407,0.025,0.0113,0.0065
0.89,2022-01-27,28.69,0.022857142857142847,0.0458,0.03052,0.01608,0.01028
0.97,2022-01-28,28.78,0.022857142857142847,0.0509,0.03604,0.02086,0.01406
0.94,2022-01-29,28.77,0.022857142857142847,0.0559999999999999,0.04156,0.02564,0.0178399999999999
1.03,2022-01-30,28.87,0.027142857142857135,0.0610999999999999,0.04708,0.03042,0.02162
1.02,2022-01-31,28.88,0.029999999999999995,0.0662,0.0526,0.0352,0.0254
0.99,2022-02-01,28.86,0.029999999999999995,0.0659449999999999,0.0525175,0.035075,0.0252424999999999
0.97,2022-02-02,28.86,0.029999999999999995,0.06569,0.052435,0.03495,0.025085
1.07,2022-02-03,28.98,0.04,0.065435,0.0523525,0.034825,0.0249275
0.99,2022-02-04,28.91,0.04,0.06518,0.05227,0.0347,0.02477
0.97,2022-02-05,28.9,0.04,0.064925,0.0521875,0.034575,0.0246125
1.16,2022-02-06,29.11,0.06285714285714285,0.0646699999999999,0.052105,0.03445,0.0244549999999999
1.09,2022-02-07,29.06,0.07571428571428572,0.064415,0.0520225,0.034325,0.0242975
1.2,2022-02-08,29.18,0.10428571428571429,0.06416,0.05194,0.0342,0.0241399999999999
0.91,2022-02-09,28.91,0.10428571428571429,0.0639049999999999,0.0518575,0.034075,0.0239825
0.82,2022-02-10,28.83,0.10428571428571429,0.06365,0.051775,0.03395,0.023825
0.23,2022-02-11,28.26,0.10428571428571429,0.0633949999999999,0.0516925,0.033825,0.0236674999999999
0.84,2022-02-12,28.89,0.10428571428571429,0.06314,0.05161,0.0337,0.02351
1.04,2022-02-13,29.1,0.11,0.062885,0.0515275,0.033575,0.0233524999999999
0.91,2022-02-14,28.98,0.11,0.0626299999999999,0.051445,0.03345,0.023195
0.93,2022-02-15,29.03,0.11,0.062375,0.0513625,0.033325,0.0230375
0.89,2022-02-16,29.01,0.11,0.0621199999999999,0.05128,0.0332,0.0228799999999999
0.9,2022-02-17,29.05,0.11,0.0618649999999999,0.0511975,0.033075,0.0227225
1.06,2022-02-18,29.24,0.11857142857142858,0.06161,0.051115,0.03295,0.0225649999999999
1.09,2022-02-19,29.3,0.13142857142857145,0.061355,0.0510325,0.032825,0.0224075
1.08,2022-02-20,29.31,0.14285714285714288,0.0611,0.0509499999999999,0.0327,0.02225
0.98,2022-02-21,29.24,0.14285714285714288,0.0608449999999999,0.0508674999999999,0.032575,0.0220924999999999
0.83,2022-02-22,29.12,0.14285714285714288,0.06059,0.050785,0.03245,0.021935
0.7,2022-02-23,29.02,0.14285714285714288,0.060335,0.0507025,0.032325,0.0217774999999999
0.56,2022-02-24,28.91,0.14285714285714288,0.0600799999999999,0.05062,0.0322,0.02162
0.5,2022-02-25,28.87,0.14285714285714288,0.0598249999999999,0.0505375,0.032075,0.0214625
0.53,2022-02-26,28.93,0.14285714285714288,0.05957,0.050455,0.03195,0.0213049999999999
0.53,2022-02-27,28.97,0.14285714285714288,0.059315,0.0503725,0.031825,0.0211475
0.51,2022-02-28,28.97,0.14285714285714288,0.05906,0.05029,0.0317,0.0209899999999999
0.55,2022-03-01,29.04,0.14285714285714288,0.0588049999999999,0.0502074999999999,0.031575,0.0208324999999999
0.48,2022-03-02,29.0,0.14285714285714288,0.05855,0.0501249999999999,0.03145,0.020675
0.55,2022-03-03,29.1,0.14285714285714288,0.058295,0.0500425,0.031325,0.0205174999999999
0.58,2022-03-04,29.15,0.14285714285714288,0.05804,0.04996,0.0312,0.02036
0.63,2022-03-05,29.23,0.14285714285714288,0.057785,0.0498775,0.031075,0.0202024999999999
0.81,2022-03-06,29.44,0.14285714285714288,0.05753,0.049795,0.03095,0.020045
0.84,2022-03-07,29.49,0.14285714285714288,0.057275,0.0497125,0.030825,0.0198875
0.77,2022-03-08,29.45,0.14285714285714288,0.05702,0.0496299999999999,0.0307,0.0197299999999999
0.85,2022-03-09,29.56,0.14285714285714288,0.0567649999999999,0.0495474999999999,0.030575,0.0195725
0.72,2022-03-10,29.46,0.14285714285714288,0.05651,0.0494649999999999,0.03045,0.0194149999999999
0.67,2022-03-11,29.44,0.14285714285714288,0.056255,0.0493824999999999,0.030325,0.0192574999999999
0.78,2022-03-12,29.57,0.14285714285714288,0.056,0.0493,0.0302,0.0191
0.87,2022-03-13,29.7,0.14285714285714288,0.0604266666666666,0.0541333333333333,0.03492,0.0239333333333333
0.92,2022-03-14,29.77,0.14285714285714288,0.0648533333333333,0.0589666666666666,0.03964,0.0287666666666666
0.81,2022-03-15,29.69,0.14285714285714288,0.06928,0.0638,0.04436,0.0336
0.75,2022-03-16,29.66,0.14285714285714288,0.0737066666666666,0.0686333333333333,0.04908,0.0384333333333333
0.9,2022-03-17,29.84,0.14285714285714288,0.0781333333333333,0.0734666666666666,0.0538,0.0432666666666666
0.93,2022-03-18,29.9,0.14285714285714288,0.08256,0.0783,0.05852,0.0481
0.95,2022-03-19,29.95,0.14285714285714288,0.0869866666666666,0.0831333333333333,0.06324,0.0529333333333333
0.98,2022-03-20,30.02,0.14285714285714288,0.0914133333333333,0.0879666666666666,0.06796,0.0577666666666666
0.95,2022-03-21,30.01,0.14285714285714288,0.0958399999999999,0.0928,0.07268,0.0626
0.68,2022-03-22,29.77,0.14285714285714288,0.1002666666666666,0.0976333333333333,0.0774,0.0674333333333333
0.8,2022-03-23,29.93,0.14285714285714288,0.1046933333333333,0.1024666666666666,0.08212,0.0722666666666666
0.83,2022-03-24,29.98,0.14285714285714288,0.10912,0.1073,0.08684,0.0771
1.06,2022-03-25,30.25,0.15142857142857147,0.1135466666666666,0.1121333333333333,0.09156,0.0819333333333333
1.28,2022-03-26,30.5,0.19142857142857148,0.1179733333333333,0.1169666666666666,0.09628,0.0867666666666666
1.34,2022-03-27,30.59,0.24000000000000005,0.1224,0.1218,0.101,0.0916
1.35,2022-03-28,30.63,0.29000000000000004,0.12156,0.12164,0.10252,0.0952
1.37,2022-03-29,30.68,0.3428571428571429,0.12072,0.12148,0.10404,0.0988
1.28,2022-03-30,30.62,0.38285714285714295,0.11988,0.12132,0.10556,0.1024
1.28,2022-03-31,30.66,0.422857142857143,0.1190399999999999,0.12116,0.10708,0.106
1.33,2022-04-01,30.74,0.47000000000000014,0.1182,0.121,0.1086,0.1096
1.31,2022-04-02,30.75,0.5142857142857143,0.14428,0.14816,0.1358,0.13108
1.04,2022-04-03,30.51,0.5200000000000001,0.17036,0.1753199999999999,0.163,0.15256
0.93,2022-04-04,30.43,0.5200000000000001,0.19644,0.20248,0.1902,0.17404
0.82,2022-04-05,30.35,0.5200000000000001,0.22252,0.2296399999999999,0.2174,0.19552
0.73,2022-04-06,30.29,0.5200000000000001,0.2486,0.2568,0.2446,0.217
0.54,2022-04-07,30.13,0.5200000000000001,0.21416,0.2190799999999999,0.20916,0.19196
0.31,2022-04-08,29.93,0.5200000000000001,0.17972,0.1813599999999999,0.1737199999999999,0.16692
0.21,2022-04-09,29.86,0.5200000000000001,0.14528,0.14364,0.13828,0.14188
0.2,2022-04-10,29.88,0.5200000000000001,0.11084,0.1059199999999999,0.1028399999999999,0.11684
0.11,2022-04-11,29.83,0.5200000000000001,0.0764,0.0682,0.0674,0.0918
0.23,2022-04-12,29.98,0.5000000000000001,0.08832,0.0806399999999999,0.07608,0.09776
0.36,2022-04-13,30.15,0.5000000000000001,0.10024,0.09308,0.08476,0.10372
0.57,2022-04-14,30.39,0.5000000000000001,0.11216,0.1055199999999999,0.09344,0.10968
0.63,2022-04-15,30.48,0.5000000000000001,0.12408,0.1179599999999999,0.1021199999999999,0.1156399999999999
0.6,2022-04-16,30.46,0.5000000000000001,0.136,0.1304,0.1108,0.1216
0.55,2022-04-17,30.43,0.5000000000000001,0.13468,0.1292799999999999,0.112,0.11684
0.59,2022-04-18,30.48,0.5000000000000001,0.13336,0.12816,0.1132,0.11208
0.7,2022-04-19,30.61,0.4971428571428572,0.13204,0.12704,0.1144,0.10732
0.78,2022-04-20,30.69,0.4971428571428572,0.13072,0.12592,0.1156,0.10256
0.66,2022-04-21,30.59,0.4971428571428572,0.1294,0.1248,0.1168,0.0978
0.68,2022-04-22,30.62,0.4971428571428572,0.1278066666666666,0.1231916666666666,0.1150716666666666,0.0963166666666666
0.84,2022-04-23,30.79,0.4971428571428572,0.1262133333333333,0.1215833333333333,0.1133433333333333,0.0948333333333333
0.62,2022-04-24,30.59,0.492857142857143,0.1246199999999999,0.119975,0.111615,0.09335
0.86,2022-04-25,30.85,0.4900000000000001,0.1230266666666666,0.1183666666666666,0.1098866666666666,0.0918666666666666
1.0,2022-04-26,30.99,0.4900000000000001,0.1214333333333333,0.1167583333333333,0.1081583333333333,0.0903833333333333
1.23,2022-04-27,31.24,0.522857142857143,0.1198399999999999,0.1151499999999999,0.10643,0.0888999999999999
1.06,2022-04-28,31.08,0.5214285714285715,0.1182466666666666,0.1135416666666666,0.1047016666666666,0.0874166666666666
1.3,2022-04-29,31.34,0.5642857142857144,0.1166533333333333,0.1119333333333333,0.1029733333333333,0.0859333333333333
1.7,2022-04-30,31.75,0.6642857142857145,0.11506,0.1103249999999999,0.101245,0.08445
1.36,2022-05-01,31.42,0.6928571428571431,0.1134666666666666,0.1087166666666666,0.0995166666666666,0.0829666666666666
0.63,2022-05-02,30.71,0.6800000000000003,0.1118733333333333,0.1071083333333333,0.0977883333333333,0.0814833333333333
-0.17,2022-05-03,29.92,0.6514285714285715,0.1102799999999999,0.1055,0.09606,0.08
-0.06,2022-05-04,30.04,0.6514285714285715,0.1086866666666666,0.1038916666666666,0.0943316666666666,0.0785166666666666
0.39,2022-05-05,30.5,0.6514285714285715,0.1070933333333333,0.1022833333333333,0.0926033333333333,0.0770333333333333
0.46,2022-05-06,30.59,0.6514285714285715,0.1054999999999999,0.1006749999999999,0.090875,0.07555
0.34,2022-05-07,30.48,0.6514285714285715,0.1039066666666666,0.0990666666666666,0.0891466666666666,0.0740666666666666
0.23,2022-05-08,30.38,0.6457142857142859,0.1023133333333333,0.0974583333333333,0.0874183333333333,0.0725833333333333
0.4,2022-05-09,30.56,0.6457142857142859,0.1007199999999999,0.0958499999999999,0.08569,0.0711
0.35,2022-05-10,30.53,0.6457142857142859,0.0991266666666666,0.0942416666666666,0.0839616666666666,0.0696166666666666
0.36,2022-05-11,30.56,0.6457142857142859,0.0975333333333333,0.0926333333333333,0.0822333333333333,0.0681333333333333
0.4,2022-05-12,30.61,0.6457142857142859,0.09594,0.091025,0.080505,0.06665
0.41,2022-05-13,30.63,0.6371428571428572,0.0943466666666666,0.0894166666666666,0.0787766666666666,0.0651666666666666
0.45,2022-05-14,30.69,0.6242857142857144,0.0927533333333333,0.0878083333333333,0.0770483333333333,0.0636833333333333
0.32,2022-05-15,30.57,0.612857142857143,0.0911599999999999,0.0862,0.07532,0.0622
0.47,2022-05-16,30.72,0.612857142857143,0.0895666666666666,0.0845916666666666,0.0735916666666666,0.0607166666666666
0.27,2022-05-17,30.52,0.612857142857143,0.0879733333333333,0.0829833333333333,0.0718633333333333,0.0592333333333333
0.13,2022-05-18,30.36,0.612857142857143,0.0863799999999999,0.081375,0.070135,0.05775
-0.26,2022-05-19,29.96,0.612857142857143,0.0847866666666666,0.0797666666666666,0.0684066666666666,0.0562666666666666
-0.33,2022-05-20,29.87,0.612857142857143,0.0831933333333333,0.0781583333333333,0.0666783333333333,0.0547833333333333
-0.28,2022-05-21,29.91,0.612857142857143,0.0815999999999999,0.0765499999999999,0.06495,0.0533
-0.07,2022-05-22,30.1,0.612857142857143,0.0800066666666666,0.0749416666666666,0.0632216666666666,0.0518166666666666
-0.05,2022-05-23,30.11,0.612857142857143,0.0784133333333333,0.0733333333333333,0.0614933333333333,0.0503333333333333
-0.06,2022-05-24,30.09,0.612857142857143,0.07682,0.0717249999999999,0.059765,0.04885
0.02,2022-05-25,30.15,0.612857142857143,0.0752266666666666,0.0701166666666666,0.0580366666666666,0.0473666666666666
0.15,2022-05-26,30.27,0.612857142857143,0.0736333333333333,0.0685083333333333,0.0563083333333333,0.0458833333333333
-0.11,2022-05-27,29.99,0.612857142857143,0.0720399999999999,0.0668999999999999,0.05458,0.0444
0.06,2022-05-28,30.15,0.612857142857143,0.0704466666666666,0.0652916666666666,0.0528516666666666,0.0429166666666666
0.22,2022-05-29,30.3,0.612857142857143,0.0688533333333333,0.0636833333333333,0.0511233333333333,0.0414333333333333
0.29,2022-05-30,30.36,0.612857142857143,0.0672599999999999,0.0620749999999999,0.049395,0.03995
0.4,2022-05-31,30.44,0.612857142857143,0.0656666666666666,0.0604666666666666,0.0476666666666666,0.0384666666666666
0.19,2022-06-01,30.22,0.612857142857143,0.0640733333333333,0.0588583333333333,0.0459383333333333,0.0369833333333333
0.05,2022-06-02,30.07,0.612857142857143,0.0624799999999999,0.0572499999999999,0.04421,0.0355
-0.01,2022-06-03,30.0,0.612857142857143,0.0608866666666666,0.0556416666666666,0.0424816666666666,0.0340166666666666
0.13,2022-06-04,30.12,0.612857142857143,0.0592933333333333,0.0540333333333333,0.0407533333333333,0.0325333333333333
0.25,2022-06-05,30.23,0.612857142857143,0.0577,0.052425,0.039025,0.03105
0.33,2022-06-06,30.29,0.612857142857143,0.0561066666666666,0.0508166666666666,0.0372966666666666,0.0295666666666666
0.53,2022-06-07,30.47,0.612857142857143,0.0545133333333333,0.0492083333333333,0.0355683333333333,0.0280833333333333
0.57,2022-06-08,30.51,0.612857142857143,0.0529199999999999,0.0475999999999999,0.03384,0.0266
0.57,2022-06-09,30.49,0.612857142857143,0.0513266666666666,0.0459916666666666,0.0321116666666666,0.0251166666666666
0.77,2022-06-10,30.68,0.612857142857143,0.0497333333333333,0.0443833333333333,0.0303833333333333,0.0236333333333333
0.6,2022-06-11,30.49,0.612857142857143,0.04814,0.0427749999999999,0.028655,0.02215
0.35,2022-06-12,30.22,0.612857142857143,0.0465466666666666,0.0411666666666666,0.0269266666666666,0.0206666666666666
0.41,2022-06-13,30.27,0.612857142857143,0.0449533333333333,0.0395583333333333,0.0251983333333333,0.0191833333333333
0.25,2022-06-14,30.1,0.612857142857143,0.0433599999999999,0.03795,0.02347,0.0177
0.68,2022-06-15,30.52,0.612857142857143,0.0417666666666666,0.0363416666666666,0.0217416666666666,0.0162166666666666
0.79,2022-06-16,30.61,0.612857142857143,0.0401733333333333,0.0347333333333333,0.0200133333333333,0.0147333333333333
1.01,2022-06-17,30.81,0.6057142857142859,0.03858,0.0331249999999999,0.018285,0.0132499999999999
1.11,2022-06-18,30.89,0.5814285714285715,0.0369866666666666,0.0315166666666666,0.0165566666666666,0.0117666666666666
1.25,2022-06-19,31.02,0.5685714285714287,0.0353933333333333,0.0299083333333333,0.0148283333333333,0.0102833333333333
1.26,2022-06-20,31.01,0.5557142857142858,0.0338,0.0283,0.0131,0.0088
1.06,2022-06-21,30.8,0.5114285714285716,0.0342457142857142,0.0289085714285714,0.0138571428571428,0.0095028571428571
0.76,2022-06-22,30.48,0.47142857142857153,0.0346914285714285,0.0295171428571428,0.0146142857142857,0.0102057142857142
0.69,2022-06-23,30.39,0.4314285714285715,0.0351371428571428,0.0301257142857142,0.0153714285714285,0.0109085714285714
0.6,2022-06-24,30.29,0.38428571428571434,0.0355828571428571,0.0307342857142857,0.0161285714285714,0.0116114285714285
0.65,2022-06-25,30.32,0.34000000000000014,0.0360285714285714,0.0313428571428571,0.0168857142857142,0.0123142857142857
0.71,2022-06-26,30.36,0.3342857142857144,0.0364742857142857,0.0319514285714285,0.0176428571428571,0.0130171428571428
0.84,2022-06-27,30.47,0.3342857142857144,0.0369199999999999,0.03256,0.0184,0.01372
0.98,2022-06-28,30.6,0.3342857142857144,0.0373657142857142,0.0331685714285714,0.0191571428571428,0.0144228571428571
0.9,2022-06-29,30.5,0.3342857142857144,0.0378114285714285,0.0337771428571428,0.0199142857142857,0.0151257142857142
0.56,2022-06-30,30.14,0.3342857142857144,0.0382571428571428,0.0343857142857142,0.0206714285714285,0.0158285714285714
0.56,2022-07-01,30.13,0.3342857142857144,0.0387028571428571,0.0349942857142857,0.0214285714285714,0.0165314285714285
0.73,2022-07-02,30.28,0.3342857142857144,0.0391485714285714,0.0356028571428571,0.0221857142857142,0.0172342857142857
0.76,2022-07-03,30.3,0.3342857142857144,0.0395942857142857,0.0362114285714285,0.0229428571428571,0.0179371428571428
0.81,2022-07-04,30.32,0.3342857142857144,0.04004,0.03682,0.0237,0.0186399999999999
0.77,2022-07-05,30.27,0.3342857142857144,0.0404857142857142,0.0374285714285714,0.0244571428571428,0.0193428571428571
0.76,2022-07-06,30.24,0.3342857142857144,0.0409314285714285,0.0380371428571428,0.0252142857142857,0.0200457142857142
0.32,2022-07-07,29.79,0.3342857142857144,0.0413771428571428,0.0386457142857142,0.0259714285714285,0.0207485714285714
0.17,2022-07-08,29.62,0.3342857142857144,0.0418228571428571,0.0392542857142857,0.0267285714285714,0.0214514285714285
0.13,2022-07-09,29.56,0.3342857142857144,0.0422685714285714,0.0398628571428571,0.0274857142857142,0.0221542857142857
-0.12,2022-07-10,29.29,0.3342857142857144,0.0427142857142857,0.0404714285714285,0.0282428571428571,0.0228571428571428
-0.13,2022-07-11,29.26,0.3342857142857144,0.04316,0.04108,0.029,0.0235599999999999
0.18,2022-07-12,29.56,0.3342857142857144,0.0436057142857142,0.0416885714285714,0.0297571428571428,0.0242628571428571
0.27,2022-07-13,29.64,0.3342857142857144,0.0440514285714285,0.0422971428571428,0.0305142857142857,0.0249657142857142
0.56,2022-07-14,29.91,0.3342857142857144,0.0444971428571428,0.0429057142857142,0.0312714285714285,0.0256685714285714
0.64,2022-07-15,29.97,0.3342857142857144,0.0449428571428571,0.0435142857142857,0.0320285714285714,0.0263714285714285
0.54,2022-07-16,29.85,0.3342857142857144,0.0453885714285714,0.0441228571428571,0.0327857142857142,0.0270742857142857
0.44,2022-07-17,29.75,0.3342857142857144,0.0458342857142857,0.0447314285714285,0.0335428571428571,0.0277771428571428
0.6,2022-07-18,29.9,0.3342857142857144,0.04628,0.04534,0.0343,0.02848
0.64,2022-07-19,29.93,0.3342857142857144,0.0467257142857142,0.0459485714285714,0.0350571428571428,0.0291828571428571
0.76,2022-07-20,30.04,0.3014285714285715,0.0471714285714285,0.0465571428571428,0.0358142857142857,0.0298857142857142
0.4,2022-07-21,29.68,0.292857142857143,0.0476171428571428,0.0471657142857142,0.0365714285714285,0.0305885714285714
0.14,2022-07-22,29.41,0.25000000000000006,0.0480628571428571,0.0477742857142857,0.0373285714285714,0.0312914285714285
0.22,2022-07-23,29.48,0.15000000000000005,0.0485085714285714,0.0483828571428571,0.0380857142857142,0.0319942857142857
0.47,2022-07-24,29.72,0.0985714285714286,0.0489542857142857,0.0489914285714285,0.0388428571428571,0.0326971428571428
0.52,2022-07-25,29.77,0.0985714285714286,0.0494,0.0496,0.0396,0.0334
0.68,2022-07-26,29.92,0.0985714285714286,0.0537399999999999,0.05421,0.04357,0.03723
0.69,2022-07-27,29.92,0.0985714285714286,0.05808,0.05882,0.04754,0.04106
0.74,2022-07-28,29.96,0.0985714285714286,0.0624199999999999,0.06343,0.05151,0.04489
0.8,2022-07-29,30.01,0.0985714285714286,0.06676,0.06804,0.05548,0.04872
0.8,2022-07-30,30.01,0.0985714285714286,0.0711,0.0726499999999999,0.05945,0.05255
0.81,2022-07-31,30.01,0.0985714285714286,0.07544,0.07726,0.06342,0.05638
0.86,2022-08-01,30.06,0.0985714285714286,0.0797799999999999,0.08187,0.06739,0.06021
0.98,2022-08-02,30.17,0.0985714285714286,0.08412,0.08648,0.07136,0.06404
0.78,2022-08-03,29.97,0.0985714285714286,0.0884599999999999,0.09109,0.07533,0.06787
0.43,2022-08-04,29.6,0.0985714285714286,0.0928,0.0957,0.0793,0.0717
0.33,2022-08-05,29.5,0.0985714285714286,0.0971399999999999,0.10031,0.08327,0.07553
-0.16,2022-08-06,29.0,0.0985714285714286,0.1014799999999999,0.10492,0.08724,0.07936
-0.17,2022-08-07,28.98,0.0985714285714286,0.10582,0.10953,0.09121,0.08319
-0.15,2022-08-08,28.99,0.0985714285714286,0.1101599999999999,0.1141399999999999,0.0951799999999999,0.08702
0.38,2022-08-09,29.52,0.0985714285714286,0.1144999999999999,0.11875,0.0991499999999999,0.09085
0.38,2022-08-10,29.51,0.0985714285714286,0.1188399999999999,0.12336,0.1031199999999999,0.09468
0.28,2022-08-11,29.4,0.0985714285714286,0.1231799999999999,0.12797,0.1070899999999999,0.09851
0.4,2022-08-12,29.51,0.0985714285714286,0.1275199999999999,0.13258,0.1110599999999999,0.10234
0.56,2022-08-13,29.67,0.0985714285714286,0.1318599999999999,0.13719,0.11503,0.10617
0.49,2022-08-14,29.59,0.0985714285714286,0.1362,0.1418,0.119,0.11
0.42,2022-08-15,29.51,0.0985714285714286,0.1350799999999999,0.1405333333333333,0.1179633333333333,0.1090333333333333
0.21,2022-08-16,29.3,0.0985714285714286,0.13396,0.1392666666666666,0.1169266666666666,0.1080666666666666
0.35,2022-08-17,29.43,0.0985714285714286,0.1328399999999999,0.138,0.1158899999999999,0.1071
0.58,2022-08-18,29.66,0.0985714285714286,0.1317199999999999,0.1367333333333333,0.1148533333333333,0.1061333333333333
0.66,2022-08-19,29.74,0.0985714285714286,0.1306,0.1354666666666666,0.1138166666666666,0.1051666666666666
0.49,2022-08-20,29.56,0.0985714285714286,0.1294799999999999,0.1342,0.1127799999999999,0.1042
0.14,2022-08-21,29.21,0.0985714285714286,0.12836,0.1329333333333333,0.1117433333333333,0.1032333333333333
0.32,2022-08-22,29.38,0.0985714285714286,0.12724,0.1316666666666666,0.1107066666666666,0.1022666666666666
0.69,2022-08-23,29.76,0.0985714285714286,0.1261199999999999,0.1304,0.1096699999999999,0.1013
0.71,2022-08-24,29.77,0.0985714285714286,0.1249999999999999,0.1291333333333333,0.1086333333333333,0.1003333333333333
0.63,2022-08-25,29.68,0.0985714285714286,0.1238799999999999,0.1278666666666666,0.1075966666666666,0.0993666666666666
0.51,2022-08-26,29.56,0.0985714285714286,0.12276,0.1266,0.10656,0.0984
0.53,2022-08-27,29.57,0.0985714285714286,0.12164,0.1253333333333333,0.1055233333333333,0.0974333333333333
0.46,2022-08-28,29.51,0.0985714285714286,0.1205199999999999,0.1240666666666666,0.1044866666666666,0.0964666666666666
0.4,2022-08-29,29.44,0.0985714285714286,0.1193999999999999,0.1228,0.10345,0.0955
0.85,2022-08-30,29.88,0.0985714285714286,0.11828,0.1215333333333333,0.1024133333333333,0.0945333333333333
0.99,2022-08-31,30.02,0.0985714285714286,0.1171599999999999,0.1202666666666666,0.1013766666666666,0.0935666666666666
1.07,2022-09-01,30.1,0.10857142857142861,0.1160399999999999,0.119,0.10034,0.0926
0.82,2022-09-02,29.85,0.10857142857142861,0.11492,0.1177333333333333,0.0993033333333333,0.0916333333333333
0.66,2022-09-03,29.68,0.10857142857142861,0.1138,0.1164666666666666,0.0982666666666666,0.0906666666666666
0.52,2022-09-04,29.53,0.10857142857142861,0.11268,0.1152,0.09723,0.0897
0.42,2022-09-05,29.43,0.10857142857142861,0.1115599999999999,0.1139333333333333,0.0961933333333333,0.0887333333333333
0.46,2022-09-06,29.47,0.10857142857142861,0.11044,0.1126666666666666,0.0951566666666666,0.0877666666666666
0.32,2022-09-07,29.33,0.10857142857142861,0.10932,0.1114,0.09412,0.0868
0.62,2022-09-08,29.62,0.10857142857142861,0.1081999999999999,0.1101333333333333,0.0930833333333333,0.0858333333333333
0.67,2022-09-09,29.67,0.10714285714285718,0.10708,0.1088666666666666,0.0920466666666666,0.0848666666666666
0.52,2022-09-10,29.51,0.09142857142857144,0.10596,0.1076,0.09101,0.0839
0.77,2022-09-11,29.76,0.05571428571428573,0.1048399999999999,0.1063333333333333,0.0899733333333333,0.0829333333333333
0.81,2022-09-12,29.8,0.01857142857142859,0.10372,0.1050666666666666,0.0889366666666666,0.0819666666666666
0.87,2022-09-13,29.86,0.010000000000000009,0.1026,0.1038,0.0879,0.081
0.85,2022-09-14,29.83,0.010000000000000009,0.10148,0.1025333333333333,0.0868633333333333,0.0800333333333333
0.88,2022-09-15,29.86,0.010000000000000009,0.10036,0.1012666666666666,0.0858266666666666,0.0790666666666666
0.89,2022-09-16,29.87,0.010000000000000009,0.09924,0.1,0.08479,0.0781
0.77,2022-09-17,29.76,0.010000000000000009,0.09812,0.0987333333333333,0.0837533333333333,0.0771333333333333
0.72,2022-09-18,29.7,0.010000000000000009,0.097,0.0974666666666666,0.0827166666666666,0.0761666666666666
0.62,2022-09-19,29.61,0.010000000000000009,0.0958799999999999,0.0962,0.08168,0.0752
0.5,2022-09-20,29.5,0.010000000000000009,0.09476,0.0949333333333333,0.0806433333333333,0.0742333333333333
0.63,2022-09-21,29.63,0.010000000000000009,0.09364,0.0936666666666666,0.0796066666666666,0.0732666666666666
0.44,2022-09-22,29.44,0.010000000000000009,0.0925199999999999,0.0924,0.07857,0.0723
0.34,2022-09-23,29.34,0.010000000000000009,0.0914,0.0911333333333333,0.0775333333333333,0.0713333333333333
0.37,2022-09-24,29.38,0.010000000000000009,0.09028,0.0898666666666666,0.0764966666666666,0.0703666666666666
0.37,2022-09-25,29.39,0.010000000000000009,0.08916,0.0886,0.07546,0.0694
0.36,2022-09-26,29.38,0.010000000000000009,0.08804,0.0873333333333333,0.0744233333333333,0.0684333333333333
0.34,2022-09-27,29.37,0.010000000000000009,0.08692,0.0860666666666666,0.0733866666666666,0.0674666666666666
0.25,2022-09-28,29.28,0.010000000000000009,0.0858,0.0848,0.07235,0.0665
0.03,2022-09-29,29.06,0.010000000000000009,0.08468,0.0835333333333333,0.0713133333333333,0.0655333333333333
-0.02,2022-09-30,29.02,0.010000000000000009,0.08356,0.0822666666666666,0.0702766666666666,0.0645666666666666
-0.02,2022-10-01,29.02,0.010000000000000009,0.08244,0.081,0.06924,0.0636
0.73,2022-10-02,29.78,0.010000000000000009,0.08132,0.0797333333333333,0.0682033333333333,0.0626333333333333
0.5,2022-10-03,29.55,0.010000000000000009,0.0802,0.0784666666666666,0.0671666666666666,0.0616666666666666
0.3,2022-10-04,29.36,0.010000000000000009,0.07908,0.0772,0.06613,0.0607
0.38,2022-10-05,29.44,0.010000000000000009,0.07796,0.0759333333333333,0.0650933333333333,0.0597333333333333
0.53,2022-10-06,29.59,0.010000000000000009,0.07684,0.0746666666666666,0.0640566666666666,0.0587666666666666
0.37,2022-10-07,29.44,0.010000000000000009,0.07572,0.0734,0.06302,0.0578
0.32,2022-10-08,29.39,0.010000000000000009,0.0746,0.0721333333333333,0.0619833333333333,0.0568333333333333
0.24,2022-10-09,29.32,0.010000000000000009,0.07348,0.0708666666666666,0.0609466666666666,0.0558666666666666
0.19,2022-10-10,29.27,0.010000000000000009,0.07236,0.0696,0.05991,0.0549
0.27,2022-10-11,29.36,0.010000000000000009,0.07124,0.0683333333333333,0.0588733333333333,0.0539333333333333
0.66,2022-10-12,29.75,0.010000000000000009,0.07012,0.0670666666666666,0.0578366666666666,0.0529666666666666
0.49,2022-10-13,29.58,0.010000000000000009,0.069,0.0658,0.0568,0.052
0.27,2022-10-14,29.37,0.010000000000000009,0.0717,0.0672,0.05812,0.0510399999999999
0.01,2022-10-15,29.11,0.010000000000000009,0.0744,0.0686,0.05944,0.05008
-0.1,2022-10-16,29.01,0.010000000000000009,0.0771,0.07,0.06076,0.04912
-0.13,2022-10-17,28.97,0.010000000000000009,0.0798,0.0714,0.0620799999999999,0.04816
-0.06,2022-10-18,29.03,0.010000000000000009,0.0825,0.0728,0.0634,0.0472
-0.24,2022-10-19,28.84,0.010000000000000009,0.08012,0.07092,0.06144,0.04736
-0.45,2022-10-20,28.62,0.010000000000000009,0.07774,0.06904,0.05948,0.04752
-0.4,2022-10-21,28.65,0.010000000000000009,0.07536,0.06716,0.05752,0.04768
-0.07,2022-10-22,28.98,0.010000000000000009,0.07298,0.06528,0.05556,0.04784
0.02,2022-10-23,29.06,0.010000000000000009,0.0706,0.0634,0.0536,0.048
0.18,2022-10-24,29.2,0.010000000000000009,0.0718999999999999,0.06472,0.05278,0.04749
0.24,2022-10-25,29.26,0.010000000000000009,0.0732,0.06604,0.05196,0.04698
0.09,2022-10-26,29.1,0.010000000000000009,0.0745,0.06736,0.05114,0.04647
-0.16,2022-10-27,28.84,0.010000000000000009,0.0757999999999999,0.06868,0.05032,0.04596
0.11,2022-10-28,29.1,0.010000000000000009,0.0771,0.07,0.0495,0.04545
0.18,2022-10-29,29.17,0.010000000000000009,0.0784,0.07132,0.04868,0.04494
0.17,2022-10-30,29.14,0.010000000000000009,0.0797,0.07264,0.04786,0.04443
0.11,2022-10-31,29.07,0.010000000000000009,0.0809999999999999,0.07396,0.04704,0.04392
-0.01,2022-11-01,28.94,0.010000000000000009,0.0823,0.07528,0.04622,0.04341
-0.24,2022-11-02,28.71,0.010000000000000009,0.0836,0.0766,0.0454,0.0429
-0.13,2022-11-03,28.8,0.010000000000000009,0.0858514285714285,0.07904,0.0481085714285714,0.0461257142857142
0.02,2022-11-04,28.94,0.010000000000000009,0.0881028571428571,0.08148,0.0508171428571428,0.0493514285714285
-0.05,2022-11-05,28.86,0.010000000000000009,0.0903542857142857,0.08392,0.0535257142857142,0.0525771428571428
-0.39,2022-11-06,28.51,0.010000000000000009,0.0926057142857142,0.08636,0.0562342857142857,0.0558028571428571
-0.39,2022-11-07,28.5,0.010000000000000009,0.0948571428571428,0.0888,0.0589428571428571,0.0590285714285714
-0.31,2022-11-08,28.57,0.010000000000000009,0.0971085714285714,0.09124,0.0616514285714285,0.0622542857142857
-0.17,2022-11-09,28.71,0.010000000000000009,0.0993599999999999,0.09368,0.06436,0.06548
-0.1,2022-11-10,28.76,0.010000000000000009,0.1016114285714285,0.09612,0.0670685714285714,0.0687057142857142
-0.03,2022-11-11,28.83,0.010000000000000009,0.1038628571428571,0.09856,0.0697771428571428,0.0719314285714285
0.3,2022-11-12,29.15,0.010000000000000009,0.1061142857142857,0.101,0.0724857142857142,0.0751571428571428
0.48,2022-11-13,29.32,0.010000000000000009,0.1083657142857142,0.10344,0.0751942857142857,0.0783828571428571
0.48,2022-11-14,29.3,0.010000000000000009,0.1106171428571428,0.10588,0.0779028571428571,0.0816085714285714
-0.08,2022-11-15,28.74,0.010000000000000009,0.1128685714285714,0.10832,0.0806114285714285,0.0848342857142857
-0.24,2022-11-16,28.56,0.010000000000000009,0.11512,0.11076,0.08332,0.08806
-0.24,2022-11-17,28.53,0.010000000000000009,0.1173714285714285,0.1132,0.0860285714285714,0.0912857142857142
-0.38,2022-11-18,28.37,0.010000000000000009,0.1196228571428571,0.1156399999999999,0.0887371428571428,0.0945114285714285
-0.06,2022-11-19,28.66,0.010000000000000009,0.1218742857142857,0.1180799999999999,0.0914457142857142,0.0977371428571428
0.17,2022-11-20,28.86,0.010000000000000009,0.1241257142857142,0.12052,0.0941542857142857,0.1009628571428571
0.18,2022-11-21,28.85,0.010000000000000009,0.1263771428571428,0.12296,0.0968628571428571,0.1041885714285714
-0.05,2022-11-22,28.59,0.010000000000000009,0.1286285714285714,0.1254,0.0995714285714285,0.1074142857142857
-0.22,2022-11-23,28.39,0.010000000000000009,0.13088,0.12784,0.10228,0.1106399999999999
0.07,2022-11-24,28.66,0.0,0.1331314285714285,0.13028,0.1049885714285714,0.1138657142857142
0.22,2022-11-25,28.77,0.0,0.1353828571428571,0.13272,0.1076971428571428,0.1170914285714285
0.1,2022-11-26,28.63,0.0,0.1376342857142857,0.13516,0.1104057142857142,0.1203171428571428
0.1,2022-11-27,28.61,0.0,0.1398857142857142,0.1376,0.1131142857142857,0.1235428571428571
0.34,2022-11-28,28.82,0.0,0.1421371428571428,0.14004,0.1158228571428571,0.1267685714285714
0.5,2022-11-29,28.95,0.0,0.1443885714285714,0.14248,0.1185314285714285,0.1299942857142857
0.43,2022-11-30,28.85,0.0,0.14664,0.14492,0.1212399999999999,0.13322
0.43,2022-12-01,28.83,0.0,0.1488914285714285,0.14736,0.1239485714285714,0.1364457142857142
0.66,2022-12-02,29.04,0.0,0.1511428571428571,0.1498,0.1266571428571428,0.1396714285714285
0.75,2022-12-03,29.1,0.0,0.1533942857142857,0.15224,0.1293657142857142,0.1428971428571428
0.82,2022-12-04,29.14,0.0,0.1556457142857142,0.1546799999999999,0.1320742857142857,0.1461228571428571
0.75,2022-12-05,29.04,0.0,0.1578971428571428,0.1571199999999999,0.1347828571428571,0.1493485714285714
0.68,2022-12-06,28.95,0.0,0.1601485714285714,0.1595599999999999,0.1374914285714285,0.1525742857142857
0.8,2022-12-07,29.03,0.0,0.1624,0.162,0.1402,0.1558
0.88,2022-12-08,29.09,0.0,0.1431599999999999,0.14056,0.11792,0.1298399999999999
0.88,2022-12-09,29.06,0.0,0.1239199999999999,0.11912,0.0956399999999999,0.10388
0.8,2022-12-10,28.95,0.0,0.10468,0.09768,0.0733599999999999,0.0779199999999999
0.75,2022-12-11,28.88,0.0,0.0854399999999999,0.07624,0.0510799999999999,0.0519599999999999
0.55,2022-12-12,28.65,0.0,0.0662,0.0548,0.0288,0.026
0.43,2022-12-13,28.51,0.0,0.0614799999999999,0.05076,0.0255999999999999,0.0225
0.29,2022-12-14,28.34,0.0,0.05676,0.04672,0.0224,0.019
0.34,2022-12-15,28.36,0.0,0.0520399999999999,0.04268,0.0192,0.0155
0.39,2022-12-16,28.39,0.0,0.04732,0.03864,0.016,0.012
0.32,2022-12-17,28.3,0.0,0.0426,0.0346,0.0128,0.0085
0.11,2022-12-18,28.08,0.0,0.0426,0.0346,0.0128,0.0085
-0.05,2022-12-19,27.92,0.0,0.0426,0.0346,0.0128,0.0085
-0.21,2022-12-20,27.74,0.0,0.0426,0.0346,0.0128,0.0085
-0.32,2022-12-21,27.62,0.0,0.0426,0.0346,0.0128,0.0085
-0.41,2022-12-22,27.52,0.0,0.0426,0.0346,0.0128,0.0085
-0.54,2022-12-23,27.38,0.0,0.0426,0.0346,0.0128,0.0085
-0.63,2022-12-24,27.28,0.0,0.0426,0.0346,0.0128,0.0085
-0.64,2022-12-25,27.25,0.0,0.0426,0.0346,0.0128,0.0085
-0.62,2022-12-26,27.26,0.0,0.0426,0.0346,0.0128,0.0085
-0.78,2022-12-27,27.09,0.0,0.0426,0.0346,0.0128,0.0085
-0.73,2022-12-28,27.12,0.0,0.0426,0.0346,0.0128,0.0085
-0.72,2022-12-29,27.12,0.0,0.0426,0.0346,0.0128,0.0085
-0.79,2022-12-30,27.05,0.0,0.0426,0.0346,0.0128,0.0085
-0.89,2022-12-31,26.93,0.0,0.0426,0.0346,0.0128,0.0085
-0.14,2023-01-01,28.02,0.0,0.0426,0.0346,0.0128,0.0085
-0.15,2023-01-02,27.99,0.0,0.0426,0.0346,0.0128,0.0085
-0.25,2023-01-03,27.88,0.0,0.0426,0.0346,0.0128,0.0085
-0.05,2023-01-04,28.08,0.0,0.0426,0.0346,0.0128,0.0085
0.06,2023-01-05,28.18,0.0,0.0426,0.0346,0.0128,0.0085
0.06,2023-01-06,28.17,0.0,0.0426,0.0346,0.0128,0.0085
0.07,2023-01-07,28.17,0.0,0.0426,0.0346,0.0128,0.0085
0.12,2023-01-08,28.22,0.0,0.0426,0.0346,0.0128,0.0085
0.22,2023-01-09,28.31,0.0,0.0426,0.0346,0.0128,0.0085
0.37,2023-01-10,28.44,0.0,0.0426,0.0346,0.0128,0.0085
0.41,2023-01-11,28.48,0.0,0.0426,0.0346,0.0128,0.0085
0.49,2023-01-12,28.55,0.0,0.0426,0.0346,0.0128,0.0085
0.7000000000000001,2023-01-13,28.75,0.0,0.0426,0.0346,0.0128,0.0085
0.68,2023-01-14,28.72,0.0,0.0426,0.0346,0.0128,0.0085
0.84,2023-01-15,28.87,0.0,0.0426,0.0346,0.0128,0.0085
0.79,2023-01-16,28.81,0.0,0.0426,0.0346,0.0128,0.0085
0.71,2023-01-17,28.75,0.0,0.0426,0.0346,0.0128,0.0085
0.54,2023-01-18,28.59,0.0,0.0426,0.0346,0.0128,0.0085
0.46,2023-01-19,28.52,0.0,0.0426,0.0346,0.0128,0.0085
0.44,2023-01-20,28.5,0.0,0.0426,0.0346,0.0128,0.0085
0.49,2023-01-21,28.57,0.0,0.0426,0.0346,0.0128,0.0085
0.48,2023-01-22,28.57,0.0,0.0426,0.0346,0.0128,0.0085
0.43,2023-01-23,28.53,0.0,0.0426,0.0346,0.0128,0.0085
0.4,2023-01-24,28.51,0.0,0.0426,0.0346,0.0128,0.0085
-0.21,2023-01-25,27.91,0.0,0.0426,0.0346,0.0128,0.0085
-0.18,2023-01-26,27.95,0.0,0.0426,0.0346,0.0128,0.0085
0.01,2023-01-27,28.15,0.0,0.0426,0.0346,0.0128,0.0085
0.0,2023-01-28,28.16,0.0,0.0426,0.0346,0.0128,0.0085
-0.09,2023-01-29,28.08,0.0,0.0426,0.0346,0.0128,0.0085
-0.08,2023-01-30,28.09,0.0,0.0426,0.0346,0.0128,0.0085
0.04,2023-01-31,28.23,0.0,0.0426,0.0346,0.0128,0.0085
0.2,2023-02-01,28.39,0.0,0.0426,0.0346,0.0128,0.0085
0.31,2023-02-02,28.52,0.0,0.0426,0.0346,0.0128,0.0085
0.26,2023-02-03,28.48,0.0,0.0426,0.0346,0.0128,0.0085
0.22,2023-02-04,28.45,0.0,0.0426,0.0346,0.0128,0.0085
0.28,2023-02-05,28.52,0.0,0.0426,0.0346,0.0128,0.0085
0.32,2023-02-06,28.58,0.0,0.0426,0.0346,0.0128,0.0085
0.47,2023-02-07,28.73,0.0,0.0426,0.0346,0.0128,0.0085
0.4,2023-02-08,28.68,0.0,0.0426,0.0346,0.0128,0.0085
0.38,2023-02-09,28.67,0.0,0.0426,0.0346,0.0128,0.0085
0.44,2023-02-10,28.73,0.0,0.0426,0.0346,0.0128,0.0085
0.51,2023-02-11,28.81,0.0,0.0426,0.0346,0.0128,0.0085
0.66,2023-02-12,28.98,0.0,0.0426,0.0346,0.0128,0.0085
0.76,2023-02-13,29.09,0.0,0.0426,0.0346,0.0128,0.0085
0.87,2023-02-14,29.21,0.0,0.0426,0.0346,0.0128,0.0085
0.73,2023-02-15,29.08,0.0,0.0426,0.0346,0.0128,0.0085
0.53,2023-02-16,28.91,0.0,0.0426,0.0346,0.0128,0.0085
0.44,2023-02-17,28.84,0.0,0.0426,0.0346,0.0128,0.0085
0.6,2023-02-18,29.02,0.0,0.0426,0.0346,0.0128,0.0085
0.54,2023-02-19,28.98,0.0,0.0426,0.0346,0.0128,0.0085
0.54,2023-02-20,29.0,0.0,0.0426,0.0346,0.0128,0.0085
0.45,2023-02-21,28.93,0.0,0.0426,0.0346,0.0128,0.0085
0.35,2023-02-22,28.86,0.0,0.0426,0.0346,0.0128,0.0085
0.46,2023-02-23,28.99,0.0,0.0426,0.0346,0.0128,0.0085
0.59,2023-02-24,29.14,0.0,0.0426,0.0346,0.0128,0.0085
0.39,2023-02-25,28.96,0.0,0.0426,0.0346,0.0128,0.0085
0.17,2023-02-26,28.76,0.0,0.0426,0.0346,0.0128,0.0085
0.29,2023-02-27,28.91,0.0,0.0426,0.0346,0.0128,0.0085
0.29,2023-02-28,28.93,0.0,0.0426,0.0346,0.0128,0.0085
0.31,2023-03-01,28.96,0.0,0.0426,0.0346,0.0128,0.0085
0.16,2023-03-02,28.84,0.0,0.0426,0.0346,0.0128,0.0085
-0.06,2023-03-03,28.64,0.0,0.0426,0.0346,0.0128,0.0085
-0.15,2023-03-04,28.57,0.0,0.0426,0.0346,0.0128,0.0085
-0.1,2023-03-05,28.64,0.0,0.0426,0.0346,0.0128,0.0085
0.0,2023-03-06,28.76,0.0,0.0426,0.0346,0.0128,0.0085
-0.01,2023-03-07,28.78,0.0,0.0426,0.0346,0.0128,0.0085
-0.05,2023-03-08,28.76,0.0,0.0426,0.0346,0.0128,0.0085
-0.13,2023-03-09,28.7,0.0,0.0426,0.0346,0.0128,0.0085
-0.21,2023-03-10,28.64,0.0,0.0426,0.0346,0.0128,0.0085
-0.17,2023-03-11,28.7,0.0,0.0426,0.0346,0.0128,0.0085
-0.28,2023-03-12,28.61,0.0,0.0426,0.0346,0.0128,0.0085
-0.45,2023-03-13,28.46,0.0,0.0426,0.0346,0.0128,0.0085
-0.44,2023-03-14,28.5,0.0,0.0426,0.0346,0.0128,0.0085
-0.39,2023-03-15,28.57,0.0,0.0426,0.0346,0.0128,0.0085
-0.45,2023-03-16,28.53,0.0,0.0426,0.0346,0.0128,0.0085
-0.43,2023-03-17,28.57,0.0,0.0426,0.0346,0.0128,0.0085
-0.29,2023-03-18,28.74,0.0,0.0426,0.0346,0.0128,0.0085
-0.19,2023-03-19,28.87,0.0,0.0426,0.0346,0.0128,0.0085
-0.18,2023-03-20,28.9,0.0,0.0426,0.0346,0.0128,0.0085
-0.04,2023-03-21,29.07,0.0,0.0426,0.0346,0.0128,0.0085
0.13,2023-03-22,29.26,0.0,0.0426,0.0346,0.0128,0.0085
0.07,2023-03-23,29.22,0.0,0.0426,0.0346,0.0128,0.0085
0.09,2023-03-24,29.26,0.0,0.0426,0.0346,0.0128,0.0085
0.25,2023-03-25,29.44,0.0,0.0426,0.0346,0.0128,0.0085
0.41,2023-03-26,29.63,0.0,0.0426,0.0346,0.0128,0.0085
0.39,2023-03-27,29.64,0.0,0.0426,0.0346,0.0128,0.0085
0.54,2023-03-28,29.81,0.0,0.0426,0.0346,0.0128,0.0085
0.76,2023-03-29,30.05,0.0,0.0426,0.0346,0.0128,0.0085
0.62,2023-03-30,29.93,0.0,0.0426,0.0346,0.0128,0.0085
0.75,2023-03-31,30.09,0.0,0.0426,0.0346,0.0128,0.0085
0.72,2023-04-01,30.08,0.0,0.0426,0.0346,0.0128,0.0085
0.65,2023-04-02,30.04,0.0,0.0426,0.0346,0.0128,0.0085
0.52,2023-04-03,29.93,0.0,0.0426,0.0346,0.0128,0.0085
0.5,2023-04-04,29.94,0.0,0.0426,0.0346,0.0128,0.0085
0.51,2023-04-05,29.97,0.0,0.0426,0.0346,0.0128,0.0085
0.62,2023-04-06,30.11,0.0,0.0426,0.0346,0.0128,0.0085
0.59,2023-04-07,30.1,0.0,0.0426,0.0346,0.0128,0.0085
0.51,2023-04-08,30.04,0.0,0.0426,0.0346,0.0128,0.0085
0.44,2023-04-09,29.99,0.0,0.0426,0.0346,0.0128,0.0085
0.43,2023-04-10,30.01,0.0,0.0426,0.0346,0.0128,0.0085
0.53,2023-04-11,30.13,0.0,0.0426,0.0346,0.0128,0.0085
0.59,2023-04-12,30.22,0.0,0.0426,0.0346,0.0128,0.0085
0.66,2023-04-13,30.31,0.0,0.0426,0.0346,0.0128,0.0085
0.72,2023-04-14,30.39,0.0,0.0426,0.0346,0.0128,0.0085
0.6900000000000001,2023-04-15,30.39,0.0,0.0426,0.0346,0.0128,0.0085
0.77,2023-04-16,30.49,0.0,0.0426,0.0346,0.0128,0.0085
0.78,2023-04-17,30.5,0.0,0.0426,0.0346,0.0128,0.0085
0.73,2023-04-18,30.46,0.0,0.0426,0.0346,0.0128,0.0085
0.65,2023-04-19,30.38,0.0,0.0426,0.0346,0.0128,0.0085
0.58,2023-04-20,30.32,0.0,0.0426,0.0346,0.0128,0.0085
0.62,2023-04-21,30.36,0.0,0.0426,0.0346,0.0128,0.0085
0.75,2023-04-22,30.49,0.0,0.0426,0.0346,0.0128,0.0085
0.92,2023-04-23,30.67,0.0,0.0426,0.0346,0.0128,0.0085
1.05,2023-04-24,30.81,0.00714285714285715,0.0426,0.0346,0.0128,0.0085
0.91,2023-04-25,30.68,0.00714285714285715,0.0426,0.0346,0.0128,0.0085
0.8200000000000001,2023-04-26,30.59,0.00714285714285715,0.0426,0.0346,0.0128,0.0085
0.51,2023-04-27,30.28,0.00714285714285715,0.0426,0.0346,0.0128,0.0085
0.48,2023-04-28,30.26,0.00714285714285715,0.0426,0.0346,0.0128,0.0085
0.5,2023-04-29,30.29,0.00714285714285715,0.0426,0.0346,0.0128,0.0085
0.79,2023-04-30,30.58,0.00714285714285715,0.0426,0.0346,0.0128,0.0085
1.1,2023-05-01,30.89,0.021428571428571446,0.0426,0.0346,0.0128,0.0085
0.95,2023-05-02,30.76,0.021428571428571446,0.0426,0.0346,0.0128,0.0085
0.94,2023-05-03,30.75,0.021428571428571446,0.0426,0.0346,0.0128,0.0085
1.07,2023-05-04,30.88,0.03142857142857146,0.0426,0.0346,0.0128,0.0085
0.9,2023-05-05,30.72,0.03142857142857146,0.0426,0.0346,0.0128,0.0085
0.79,2023-05-06,30.62,0.03142857142857146,0.0426,0.0346,0.0128,0.0085
0.98,2023-05-07,30.81,0.03142857142857146,0.0426,0.0346,0.0128,0.0085
1.26,2023-05-08,31.1,0.0685714285714286,0.0426,0.0346,0.0128,0.0085
1.1,2023-05-09,30.95,0.0828571428571429,0.0426,0.0346,0.0128,0.0085
0.84,2023-05-10,30.69,0.0828571428571429,0.0426,0.0346,0.0128,0.0085
1.06,2023-05-11,30.92,0.09142857142857148,0.0426,0.0346,0.0128,0.0085
1.46,2023-05-12,31.32,0.1571428571428572,0.0426,0.0346,0.0128,0.0085
1.74,2023-05-13,31.61,0.2628571428571429,0.0426,0.0346,0.0128,0.0085
1.71,2023-05-14,31.58,0.3642857142857143,0.0426,0.0346,0.0128,0.0085
1.55,2023-05-15,31.43,0.44285714285714295,0.0426,0.0346,0.0128,0.0085
1.69,2023-05-16,31.57,0.5414285714285715,0.0426,0.0346,0.0128,0.0085
1.56,2023-05-17,31.44,0.6214285714285716,0.0426,0.0346,0.0128,0.0085
1.33,2023-05-18,31.2,0.6685714285714287,0.0426,0.0346,0.0128,0.0085
1.11,2023-05-19,30.98,0.6842857142857144,0.0426,0.0346,0.0128,0.0085
0.73,2023-05-20,30.6,0.6842857142857144,0.0426,0.0346,0.0128,0.0085
0.85,2023-05-21,30.7,0.6842857142857144,0.0426,0.0346,0.0128,0.0085
1.1,2023-05-22,30.95,0.6985714285714286,0.0426,0.0346,0.0128,0.0085
1.19,2023-05-23,31.03,0.7257142857142858,0.0426,0.0346,0.0128,0.0085
1.19,2023-05-24,31.02,0.7528571428571429,0.0426,0.0346,0.0128,0.0085
1.07,2023-05-25,30.91,0.762857142857143,0.0426,0.0346,0.0128,0.0085
0.91,2023-05-26,30.74,0.762857142857143,0.0426,0.0346,0.0128,0.0085
0.8,2023-05-27,30.62,0.762857142857143,0.0426,0.0346,0.0128,0.0085
0.6,2023-05-28,30.42,0.762857142857143,0.0426,0.0346,0.0128,0.0085
0.23,2023-05-29,30.04,0.762857142857143,0.0426,0.0346,0.0128,0.0085
0.16,2023-05-30,29.96,0.762857142857143,0.0426,0.0346,0.0128,0.0085
-0.01,2023-05-31,29.78,0.762857142857143,0.0426,0.0346,0.0128,0.0085
-0.17,2023-06-01,29.62,0.762857142857143,0.0426,0.0346,0.0128,0.0085
-0.22,2023-06-02,29.56,0.762857142857143,0.0426,0.0346,0.0128,0.0085
-0.02,2023-06-03,29.76,0.762857142857143,0.0426,0.0346,0.0128,0.0085
0.3,2023-06-04,30.07,0.762857142857143,0.0426,0.0346,0.0128,0.0085
0.25,2023-06-05,30.02,0.762857142857143,0.0426,0.0346,0.0128,0.0085
0.12,2023-06-06,29.88,0.762857142857143,0.0426,0.0346,0.0128,0.0085
0.05,2023-06-07,29.8,0.762857142857143,0.0426,0.0346,0.0128,0.0085
0.09,2023-06-08,29.83,0.762857142857143,0.0426,0.0346,0.0128,0.0085
0.19,2023-06-09,29.93,0.762857142857143,0.0426,0.0346,0.0128,0.0085
0.14,2023-06-10,29.87,0.762857142857143,0.0426,0.0346,0.0128,0.0085
0.3,2023-06-11,30.03,0.762857142857143,0.0426,0.0346,0.0128,0.0085
0.39,2023-06-12,30.11,0.762857142857143,0.0426,0.0346,0.0128,0.0085
0.42,2023-06-13,30.13,0.762857142857143,0.0426,0.0346,0.0128,0.0085
0.48,2023-06-14,30.19,0.762857142857143,0.0426,0.0346,0.0128,0.0085
0.56,2023-06-15,30.26,0.762857142857143,0.0426,0.0346,0.0128,0.0085
0.77,2023-06-16,30.47,0.762857142857143,0.0426,0.0346,0.0128,0.0085
0.61,2023-06-17,30.29,0.762857142857143,0.0426,0.0346,0.0128,0.0085
0.49,2023-06-18,30.16,0.762857142857143,0.0426,0.0346,0.0128,0.0085
0.61,2023-06-19,30.28,0.762857142857143,0.0426,0.0346,0.0128,0.0085
0.8300000000000001,2023-06-20,30.48,0.762857142857143,0.0426,0.0346,0.0128,0.0085
0.8,2023-06-21,30.44,0.762857142857143,0.0426,0.0346,0.0128,0.0085
0.93,2023-06-22,30.56,0.762857142857143,0.0426,0.0346,0.0128,0.0085
1.02,2023-06-23,30.65,0.7657142857142858,0.0426,0.0346,0.0128,0.0085
0.46,2023-06-24,30.08,0.7657142857142858,0.0426,0.0346,0.0128,0.0085
0.21,2023-06-25,29.82,0.7657142857142858,0.0426,0.0346,0.0128,0.0085
0.17,2023-06-26,29.77,0.7657142857142858,0.0426,0.0346,0.0128,0.0085
0.21,2023-06-27,29.8,0.7657142857142858,0.0426,0.0346,0.0128,0.0085
0.27,2023-06-28,29.85,0.7657142857142858,0.0426,0.0346,0.0128,0.0085
0.18,2023-06-29,29.75,0.7657142857142858,0.0426,0.0346,0.0128,0.0085
0.04,2023-06-30,29.61,0.7657142857142858,0.0426,0.0346,0.0128,0.0085
-0.21,2023-07-01,29.34,0.7657142857142858,0.0426,0.0346,0.0128,0.0085
-0.15,2023-07-02,29.39,0.7657142857142858,0.0426,0.0346,0.0128,0.0085
0.03,2023-07-03,29.57,0.7657142857142858,0.0426,0.0346,0.0128,0.0085
0.15,2023-07-04,29.67,0.7657142857142858,0.0426,0.0346,0.0128,0.0085
0.19,2023-07-05,29.7,0.7657142857142858,0.0426,0.0346,0.0128,0.0085
0.23,2023-07-06,29.73,0.7657142857142858,0.0426,0.0346,0.0128,0.0085
0.32,2023-07-07,29.81,0.7657142857142858,0.0426,0.0346,0.0128,0.0085
0.24,2023-07-08,29.72,0.7657142857142858,0.0426,0.0346,0.0128,0.0085
0.18,2023-07-09,29.66,0.7657142857142858,0.0426,0.0346,0.0128,0.0085
0.13,2023-07-10,29.59,0.7657142857142858,0.0426,0.0346,0.0128,0.0085
0.13,2023-07-11,29.58,0.7657142857142858,0.0426,0.0346,0.0128,0.0085
0.31,2023-07-12,29.76,0.7657142857142858,0.0426,0.0346,0.0128,0.0085
0.34,2023-07-13,29.78,0.7657142857142858,0.0426,0.0346,0.0128,0.0085
0.52,2023-07-14,29.95,0.7657142857142858,0.0426,0.0346,0.0128,0.0085
0.44,2023-07-15,29.86,0.7657142857142858,0.0426,0.0346,0.0128,0.0085
0.19,2023-07-16,29.6,0.7657142857142858,0.0426,0.0346,0.0128,0.0085
0.41,2023-07-17,29.81,0.7585714285714287,0.0426,0.0346,0.0128,0.0085
0.42,2023-07-18,29.82,0.7585714285714287,0.0426,0.0346,0.0128,0.0085
0.49,2023-07-19,29.88,0.7585714285714287,0.0426,0.0346,0.0128,0.0085
0.51,2023-07-20,29.89,0.7585714285714287,0.0426,0.0346,0.0128,0.0085
0.5,2023-07-21,29.87,0.7585714285714287,0.0426,0.0346,0.0128,0.0085
0.36,2023-07-22,29.73,0.7585714285714287,0.0426,0.0346,0.0128,0.0085
0.28,2023-07-23,29.65,0.7585714285714287,0.0426,0.0346,0.0128,0.0085
0.26,2023-07-24,29.62,0.7442857142857143,0.0426,0.0346,0.0128,0.0085
0.35,2023-07-25,29.7,0.7442857142857143,0.0426,0.0346,0.0128,0.0085
0.39,2023-07-26,29.74,0.7442857142857143,0.0426,0.0346,0.0128,0.0085
0.3,2023-07-27,29.64,0.7342857142857143,0.0426,0.0346,0.0128,0.0085
0.21,2023-07-28,29.54,0.7342857142857143,0.0426,0.0346,0.0128,0.0085
0.22,2023-07-29,29.55,0.7342857142857143,0.0426,0.0346,0.0128,0.0085
0.27,2023-07-30,29.59,0.7342857142857143,0.0426,0.0346,0.0128,0.0085
0.43,2023-07-31,29.75,0.6971428571428572,0.0426,0.0346,0.0128,0.0085
0.62,2023-08-01,29.92,0.6828571428571429,0.0426,0.0346,0.0128,0.0085
0.65,2023-08-02,29.95,0.6828571428571429,0.0426,0.0346,0.0128,0.0085
0.6,2023-08-03,29.89,0.6742857142857143,0.0426,0.0346,0.0128,0.0085
0.95,2023-08-04,30.24,0.6085714285714285,0.0426,0.0346,0.0128,0.0085
1.0,2023-08-05,30.28,0.5028571428571429,0.0426,0.0346,0.0128,0.0085
0.72,2023-08-06,29.99,0.4014285714285715,0.0426,0.0346,0.0128,0.0085
0.59,2023-08-07,29.85,0.32285714285714295,0.0426,0.0346,0.0128,0.0085
0.75,2023-08-08,30.01,0.22428571428571434,0.0426,0.0346,0.0128,0.0085
0.84,2023-08-09,30.09,0.14428571428571432,0.0426,0.0346,0.0128,0.0085
0.86,2023-08-10,30.1,0.09714285714285717,0.0426,0.0346,0.0128,0.0085
0.74,2023-08-11,29.98,0.08142857142857143,0.0426,0.0346,0.0128,0.0085
0.77,2023-08-12,30.01,0.08142857142857143,0.0426,0.0346,0.0128,0.0085
0.77,2023-08-13,30.0,0.08142857142857143,0.0426,0.0346,0.0128,0.0085
0.64,2023-08-14,29.86,0.06714285714285714,0.0426,0.0346,0.0128,0.0085
0.46,2023-08-15,29.68,0.04,0.0426,0.0346,0.0128,0.0085
0.54,2023-08-16,29.74,0.012857142857142869,0.0426,0.0346,0.0128,0.0085
0.7000000000000001,2023-08-17,29.9,0.0028571428571428597,0.0426,0.0346,0.0128,0.0085
0.74,2023-08-18,29.94,0.0028571428571428597,0.0426,0.0346,0.0128,0.0085
0.71,2023-08-19,29.89,0.0028571428571428597,0.0426,0.0346,0.0128,0.0085
0.59,2023-08-20,29.78,0.0028571428571428597,0.0426,0.0346,0.0128,0.0085
0.62,2023-08-21,29.79,0.0028571428571428597,0.0426,0.0346,0.0128,0.0085
0.73,2023-08-22,29.91,0.0028571428571428597,0.0426,0.0346,0.0128,0.0085
1.0,2023-08-23,30.17,0.0028571428571428597,0.0426,0.0346,0.0128,0.0085
1.12,2023-08-24,30.28,0.020000000000000018,0.0426,0.0346,0.0128,0.0085
1.22,2023-08-25,30.38,0.05142857142857144,0.0426,0.0346,0.0128,0.0085
1.08,2023-08-26,30.23,0.06285714285714288,0.0426,0.0346,0.0128,0.0085
1.04,2023-08-27,30.18,0.0685714285714286,0.0426,0.0346,0.0128,0.0085
0.93,2023-08-28,30.06,0.0685714285714286,0.0426,0.0346,0.0128,0.0085
0.85,2023-08-29,29.98,0.0685714285714286,0.0426,0.0346,0.0128,0.0085
0.77,2023-08-30,29.89,0.0685714285714286,0.0426,0.0346,0.0128,0.0085
0.78,2023-08-31,29.89,0.0685714285714286,0.0426,0.0346,0.0128,0.0085
0.66,2023-09-01,29.77,0.0685714285714286,0.0426,0.0346,0.0128,0.0085
0.13,2023-09-02,29.24,0.0685714285714286,0.0426,0.0346,0.0128,0.0085
0.15,2023-09-03,29.25,0.0685714285714286,0.0426,0.0346,0.0128,0.0085
0.31,2023-09-04,29.4,0.0685714285714286,0.0426,0.0346,0.0128,0.0085
0.25,2023-09-05,29.34,0.0685714285714286,0.0426,0.0346,0.0128,0.0085
0.42,2023-09-06,29.5,0.0685714285714286,0.0426,0.0346,0.0128,0.0085
0.4,2023-09-07,29.48,0.0685714285714286,0.0426,0.0346,0.0128,0.0085
0.35,2023-09-08,29.42,0.0685714285714286,0.0426,0.0346,0.0128,0.0085
0.25,2023-09-09,29.32,0.0685714285714286,0.0426,0.0346,0.0128,0.0085
0.2,2023-09-10,29.26,0.0685714285714286,0.0426,0.0346,0.0128,0.0085
0.27,2023-09-11,29.32,0.0685714285714286,0.0426,0.0346,0.0128,0.0085
0.18,2023-09-12,29.23,0.0685714285714286,0.0426,0.0346,0.0128,0.0085
0.5,2023-09-13,29.54,0.0685714285714286,0.0426,0.0346,0.0128,0.0085
0.88,2023-09-14,29.91,0.0685714285714286,0.0426,0.0346,0.0128,0.0085
0.74,2023-09-15,29.77,0.06571428571428574,0.0426,0.0346,0.0128,0.0085
0.56,2023-09-16,29.58,0.06571428571428574,0.0426,0.0346,0.0128,0.0085
0.54,2023-09-17,29.56,0.06571428571428574,0.0426,0.0346,0.0128,0.0085
0.6900000000000001,2023-09-18,29.7,0.06571428571428574,0.0426,0.0346,0.0128,0.0085
0.9,2023-09-19,29.91,0.06571428571428574,0.0426,0.0346,0.0128,0.0085
0.87,2023-09-20,29.88,0.06571428571428574,0.0426,0.0346,0.0128,0.0085
0.8200000000000001,2023-09-21,29.82,0.06571428571428574,0.0426,0.0346,0.0128,0.0085
0.77,2023-09-22,29.76,0.06571428571428574,0.0426,0.0346,0.0128,0.0085
0.58,2023-09-23,29.56,0.06571428571428574,0.0426,0.0346,0.0128,0.0085
0.5,2023-09-24,29.49,0.06571428571428574,0.0426,0.0346,0.0128,0.0085
0.55,2023-09-25,29.53,0.06571428571428574,0.0426,0.0346,0.0128,0.0085
0.63,2023-09-26,29.6,0.06571428571428574,0.0426,0.0346,0.0128,0.0085
0.5700000000000001,2023-09-27,29.54,0.06571428571428574,0.0426,0.0346,0.0128,0.0085
0.59,2023-09-28,29.55,0.06571428571428574,0.0426,0.0346,0.0128,0.0085
0.93,2023-09-29,29.88,0.06571428571428574,0.0426,0.0346,0.0128,0.0085
1.21,2023-09-30,30.16,0.09571428571428574,0.0426,0.0346,0.0128,0.0085
1.13,2023-10-01,30.07,0.1142857142857143,0.0426,0.0346,0.0128,0.0085
0.98,2023-10-02,29.92,0.1142857142857143,0.0426,0.0346,0.0128,0.0085
0.55,2023-10-03,29.49,0.1142857142857143,0.0426,0.0346,0.0128,0.0085
0.76,2023-10-04,29.69,0.1142857142857143,0.0426,0.0346,0.0128,0.0085
0.81,2023-10-05,29.74,0.1142857142857143,0.0426,0.0346,0.0128,0.0085
0.74,2023-10-06,29.66,0.1142857142857143,0.0426,0.0346,0.0128,0.0085
1.01,2023-10-07,29.92,0.11571428571428573,0.0426,0.0346,0.0128,0.0085
1.27,2023-10-08,30.17,0.1542857142857143,0.0426,0.0346,0.0128,0.0085
1.31,2023-10-09,30.21,0.1985714285714286,0.0426,0.0346,0.0128,0.0085
1.25,2023-10-10,30.15,0.2342857142857143,0.0426,0.0346,0.0128,0.0085
1.35,2023-10-11,30.25,0.2842857142857143,0.0426,0.0346,0.0128,0.0085
1.34,2023-10-12,30.22,0.33285714285714285,0.0426,0.0346,0.0128,0.0085
1.41,2023-10-13,30.29,0.39142857142857146,0.0426,0.0346,0.0128,0.0085
1.08,2023-10-14,29.96,0.4028571428571429,0.0426,0.0346,0.0128,0.0085
0.76,2023-10-15,29.63,0.4028571428571429,0.0426,0.0346,0.0128,0.0085
1.09,2023-10-16,29.96,0.41571428571428576,0.0426,0.0346,0.0128,0.0085
1.0,2023-10-17,29.86,0.41571428571428576,0.0426,0.0346,0.0128,0.0085
1.03,2023-10-18,29.89,0.42000000000000004,0.0426,0.0346,0.0128,0.0085
1.19,2023-10-19,30.04,0.4471428571428572,0.0426,0.0346,0.0128,0.0085
1.05,2023-10-20,29.89,0.45428571428571435,0.0426,0.0346,0.0128,0.0085
0.88,2023-10-21,29.72,0.45428571428571435,0.0426,0.0346,0.0128,0.0085
0.87,2023-10-22,29.71,0.45428571428571435,0.0426,0.0346,0.0128,0.0085
1.13,2023-10-23,29.96,0.4728571428571429,0.0426,0.0346,0.0128,0.0085
1.2,2023-10-24,30.02,0.5014285714285714,0.0426,0.0346,0.0128,0.0085
1.16,2023-10-25,29.98,0.5242857142857142,0.0426,0.0346,0.0128,0.0085
1.16,2023-10-26,29.97,0.5471428571428572,0.0426,0.0346,0.0128,0.0085
1.19,2023-10-27,30.0,0.5742857142857142,0.0426,0.0346,0.0128,0.0085
1.02,2023-10-28,29.83,0.5771428571428572,0.0426,0.0346,0.0128,0.0085
1.03,2023-10-29,29.83,0.5814285714285715,0.0426,0.0346,0.0128,0.0085
1.23,2023-10-30,30.02,0.6142857142857142,0.0426,0.0346,0.0128,0.0085
1.29,2023-10-31,30.07,0.6557142857142857,0.0426,0.0346,0.0128,0.0085
1.37,2023-11-01,30.15,0.7085714285714285,0.0426,0.0346,0.0128,0.0085
1.28,2023-11-02,30.05,0.7485714285714286,0.0426,0.0346,0.0128,0.0085
1.5,2023-11-03,30.27,0.8200000000000001,0.0426,0.0346,0.0128,0.0085
1.52,2023-11-04,30.29,0.8942857142857142,0.0426,0.0346,0.0128,0.0085
1.56,2023-11-05,30.32,0.9742857142857143,0.0426,0.0346,0.0128,0.0085
1.67,2023-11-06,30.42,1.07,0.0426,0.0346,0.0128,0.0085
1.68,2023-11-07,30.42,1.167142857142857,0.0426,0.0346,0.0128,0.0085
1.86,2023-11-08,30.6,1.2900000000000003,0.0426,0.0346,0.0128,0.0085
1.8,2023-11-09,30.53,1.4042857142857144,0.0426,0.0346,0.0128,0.0085
1.76,2023-11-10,30.49,1.512857142857143,0.0426,0.0346,0.0128,0.0085
1.84,2023-11-11,30.57,1.6328571428571428,0.0426,0.0346,0.0128,0.0085
1.86,2023-11-12,30.58,1.7557142857142858,0.0426,0.0346,0.0128,0.0085
1.69,2023-11-13,30.41,1.8542857142857143,0.0426,0.0346,0.0128,0.0085
1.67,2023-11-14,30.38,1.95,0.0426,0.0346,0.0128,0.0085
1.69,2023-11-15,30.4,2.0485714285714285,0.0426,0.0346,0.0128,0.0085
1.52,2023-11-16,30.22,2.1057142857142854,0.0426,0.0346,0.0128,0.0085
1.44,2023-11-17,30.12,2.1371428571428575,0.0426,0.0346,0.0128,0.0085
1.29,2023-11-18,29.96,2.1671428571428573,0.0426,0.0346,0.0128,0.0085
1.19,2023-11-19,29.84,2.1885714285714286,0.0426,0.0346,0.0128,0.0085
1.02,2023-11-20,29.66,2.1914285714285713,0.0426,0.0346,0.0128,0.0085
1.26,2023-11-21,29.89,2.2285714285714286,0.0426,0.0346,0.0128,0.0085
1.0,2023-11-22,29.62,2.2285714285714286,0.0426,0.0346,0.0128,0.0085
0.94,2023-11-23,29.54,2.2285714285714286,0.0426,0.0346,0.0128,0.0085
0.85,2023-11-24,29.44,2.2285714285714286,0.0426,0.0346,0.0128,0.0085
0.6900000000000001,2023-11-25,29.27,2.2285714285714286,0.0426,0.0346,0.0128,0.0085
0.67,2023-11-26,29.23,2.2285714285714286,0.0426,0.0346,0.0128,0.0085
0.52,2023-11-27,29.06,2.2285714285714286,0.0426,0.0346,0.0128,0.0085
0.52,2023-11-28,29.06,2.2285714285714286,0.0426,0.0346,0.0128,0.0085
0.44,2023-11-29,28.96,2.2285714285714286,0.0426,0.0346,0.0128,0.0085
0.35,2023-11-30,28.86,2.2285714285714286,0.0426,0.0346,0.0128,0.0085
0.17,2023-12-01,28.66,2.2285714285714286,0.0426,0.0346,0.0128,0.0085
0.0,2023-12-02,28.48,2.2285714285714286,0.0426,0.0346,0.0128,0.0085
0.13,2023-12-03,28.6,2.2285714285714286,0.0426,0.0346,0.0128,0.0085
0.04,2023-12-04,28.49,2.2285714285714286,0.0426,0.0346,0.0128,0.0085
0.21,2023-12-05,28.64,2.2285714285714286,0.0426,0.0346,0.0128,0.0085
0.48,2023-12-06,28.91,2.2285714285714286,0.0426,0.0346,0.0128,0.0085
0.56,2023-12-07,28.97,2.2285714285714286,0.0426,0.0346,0.0128,0.0085
0.65,2023-12-08,29.05,2.2285714285714286,0.0426,0.0346,0.0128,0.0085
0.88,2023-12-09,29.26,2.2285714285714286,0.0426,0.0346,0.0128,0.0085
0.97,2023-12-10,29.34,2.2285714285714286,0.0426,0.0346,0.0128,0.0085
0.92,2023-12-11,29.28,2.2285714285714286,0.0426,0.0346,0.0128,0.0085
1.0,2023-12-12,29.35,2.2285714285714286,0.0426,0.0346,0.0128,0.0085
1.19,2023-12-13,29.52,2.255714285714286,0.0426,0.0346,0.0128,0.0085
0.97,2023-12-14,29.29,2.255714285714286,0.0426,0.0346,0.0128,0.0085
0.77,2023-12-15,29.08,2.255714285714286,0.0426,0.0346,0.0128,0.0085
0.79,2023-12-16,29.08,2.255714285714286,0.0426,0.0346,0.0128,0.0085
0.86,2023-12-17,29.14,2.255714285714286,0.0426,0.0346,0.0128,0.0085
0.88,2023-12-18,29.16,2.255714285714286,0.0426,0.0346,0.0128,0.0085
0.89,2023-12-19,29.15,2.255714285714286,0.0426,0.0346,0.0128,0.0085
1.1,2023-12-20,29.35,2.27,0.0426,0.0346,0.0128,0.0085
1.06,2023-12-21,29.3,2.2785714285714285,0.0426,0.0346,0.0128,0.0085
0.85,2023-12-22,29.09,2.2785714285714285,0.0426,0.0346,0.0128,0.0085
0.78,2023-12-23,29.01,2.2485714285714287,0.0426,0.0346,0.0128,0.0085
0.8,2023-12-24,29.02,2.23,0.0426,0.0346,0.0128,0.0085
0.65,2023-12-25,28.87,2.23,0.0426,0.0346,0.0128,0.0085
0.45,2023-12-26,28.65,2.23,0.0426,0.0346,0.0128,0.0085
0.35,2023-12-27,28.55,2.23,0.0426,0.0346,0.0128,0.0085
0.25,2023-12-28,28.44,2.23,0.0426,0.0346,0.0128,0.0085
0.18,2023-12-29,28.36,2.23,0.0426,0.0346,0.0128,0.0085
0.15,2023-12-30,28.32,2.2285714285714286,0.0426,0.0346,0.0128,0.0085
0.22,2023-12-31,28.38,2.19,0.0426,0.0346,0.0128,0.0085
0.19,2024-01-01,28.35,2.1457142857142855,0.0426,0.0346,0.0128,0.0085
0.29,2024-01-02,28.43,2.11,0.0426,0.0346,0.0128,0.0085
0.18,2024-01-03,28.31,2.06,0.0426,0.0346,0.0128,0.0085
0.03,2024-01-04,28.15,2.0114285714285716,0.0426,0.0346,0.0128,0.0085
0.19,2024-01-05,28.31,1.9528571428571428,0.0426,0.0346,0.0128,0.0085
0.25,2024-01-06,28.36,1.9414285714285715,0.0426,0.0346,0.0128,0.0085
0.24,2024-01-07,28.34,1.9414285714285715,0.0426,0.0346,0.0128,0.0085
0.34,2024-01-08,28.43,1.9285714285714286,0.0426,0.0346,0.0128,0.0085
0.37,2024-01-09,28.45,1.9285714285714286,0.0426,0.0346,0.0128,0.0085
0.43,2024-01-10,28.51,1.9242857142857142,0.0426,0.0346,0.0128,0.0085
0.48,2024-01-11,28.54,1.897142857142857,0.0426,0.0346,0.0128,0.0085
0.55,2024-01-12,28.61,1.8900000000000001,0.0426,0.0346,0.0128,0.0085
0.71,2024-01-13,28.75,1.8900000000000001,0.0426,0.0346,0.0128,0.0085
0.71,2024-01-14,28.75,1.8900000000000001,0.0426,0.0346,0.0128,0.0085
0.6900000000000001,2024-01-15,28.72,1.8714285714285714,0.0426,0.0346,0.0128,0.0085
0.61,2024-01-16,28.63,1.842857142857143,0.0426,0.0346,0.0128,0.0085
0.51,2024-01-17,28.55,1.82,0.0426,0.0346,0.0128,0.0085
0.67,2024-01-18,28.71,1.7971428571428572,0.0426,0.0346,0.0128,0.0085
0.72,2024-01-19,28.77,1.77,0.0426,0.0346,0.0128,0.0085
0.75,2024-01-20,28.82,1.7671428571428573,0.0426,0.0346,0.0128,0.0085
0.93,2024-01-21,29.0,1.762857142857143,0.0426,0.0346,0.0128,0.0085
1.17,2024-01-22,29.26,1.7542857142857142,0.0426,0.0346,0.0128,0.0085
1.05,2024-01-23,29.14,1.7200000000000002,0.0426,0.0346,0.0128,0.0085
0.86,2024-01-24,28.97,1.667142857142857,0.0426,0.0346,0.0128,0.0085
0.63,2024-01-25,28.75,1.6271428571428572,0.0426,0.0346,0.0128,0.0085
0.6,2024-01-26,28.73,1.5557142857142858,0.0426,0.0346,0.0128,0.0085
0.58,2024-01-27,28.72,1.4814285714285715,0.0426,0.0346,0.0128,0.0085
0.52,2024-01-28,28.68,1.4014285714285715,0.0426,0.0346,0.0128,0.0085
0.52,2024-01-29,28.68,1.3057142857142858,0.0426,0.0346,0.0128,0.0085
0.5700000000000001,2024-01-30,28.74,1.2085714285714286,0.0426,0.0346,0.0128,0.0085
0.54,2024-01-31,28.72,1.0857142857142856,0.0426,0.0346,0.0128,0.0085
0.62,2024-02-01,28.82,0.9714285714285715,0.0426,0.0346,0.0128,0.0085
0.81,2024-02-02,29.02,0.862857142857143,0.0426,0.0346,0.0128,0.0085
0.97,2024-02-03,29.18,0.7428571428571428,0.0426,0.0346,0.0128,0.0085
1.13,2024-02-04,29.35,0.6385714285714287,0.0426,0.0346,0.0128,0.0085
1.18,2024-02-05,29.41,0.5657142857142857,0.0426,0.0346,0.0128,0.0085
1.19,2024-02-06,29.44,0.49714285714285705,0.0426,0.0346,0.0128,0.0085
1.23,2024-02-07,29.49,0.4314285714285714,0.0426,0.0346,0.0128,0.0085
1.36,2024-02-08,29.63,0.40857142857142853,0.0426,0.0346,0.0128,0.0085
1.23,2024-02-09,29.51,0.37857142857142856,0.0426,0.0346,0.0128,0.0085
1.04,2024-02-10,29.33,0.34285714285714286,0.0426,0.0346,0.0128,0.0085
0.87,2024-02-11,29.17,0.3157142857142857,0.0426,0.0346,0.0128,0.0085
0.8,2024-02-12,29.11,0.31285714285714283,0.0426,0.0346,0.0128,0.0085
0.65,2024-02-13,28.97,0.2757142857142857,0.0426,0.0346,0.0128,0.0085
0.56,2024-02-14,28.89,0.2757142857142857,0.0426,0.0346,0.0128,0.0085
0.59,2024-02-15,28.93,0.2757142857142857,0.0426,0.0346,0.0128,0.0085
0.5,2024-02-16,28.87,0.2757142857142857,0.0426,0.0346,0.0128,0.0085
0.62,2024-02-17,29.0,0.2757142857142857,0.0426,0.0346,0.0128,0.0085
0.85,2024-02-18,29.25,0.2757142857142857,0.0426,0.0346,0.0128,0.0085
0.95,2024-02-19,29.38,0.2757142857142857,0.0426,0.0346,0.0128,0.0085
1.09,2024-02-20,29.54,0.2885714285714286,0.0426,0.0346,0.0128,0.0085
1.13,2024-02-21,29.6,0.3071428571428571,0.0426,0.0346,0.0128,0.0085
1.17,2024-02-22,29.66,0.3314285714285714,0.0426,0.0346,0.0128,0.0085
1.08,2024-02-23,29.59,0.34285714285714286,0.0426,0.0346,0.0128,0.0085
1.0,2024-02-24,29.54,0.34285714285714286,0.0426,0.0346,0.0128,0.0085
0.88,2024-02-25,29.44,0.34285714285714286,0.0426,0.0346,0.0128,0.0085
0.7000000000000001,2024-02-26,29.28,0.34285714285714286,0.0426,0.0346,0.0128,0.0085
0.6,2024-02-27,29.2,0.34285714285714286,0.0426,0.0346,0.0128,0.0085
0.46,2024-02-28,29.08,0.34285714285714286,0.0426,0.0346,0.0128,0.0085
0.45,2024-02-29,29.09,0.34285714285714286,0.0426,0.0346,0.0128,0.0085
0.45,2024-03-01,29.12,0.34285714285714286,0.0426,0.0346,0.0128,0.0085
0.4,2024-03-02,29.09,0.34285714285714286,0.0426,0.0346,0.0128,0.0085
0.33,2024-03-03,29.03,0.34285714285714286,0.0426,0.0346,0.0128,0.0085
0.34,2024-03-04,29.07,0.34285714285714286,0.0426,0.0346,0.0128,0.0085
0.48,2024-03-05,29.23,0.34285714285714286,0.0426,0.0346,0.0128,0.0085
0.63,2024-03-06,29.4,0.3157142857142857,0.0426,0.0346,0.0128,0.0085
1.71,2024-03-07,30.5,0.41714285714285715,0.0426,0.0346,0.0128,0.0085
0.73,2024-03-08,29.54,0.41714285714285715,0.0426,0.0346,0.0128,0.0085
0.73,2024-03-09,29.56,0.41714285714285715,0.0426,0.0346,0.0128,0.0085
0.6900000000000001,2024-03-10,29.55,0.41714285714285715,0.0426,0.0346,0.0128,0.0085
0.66,2024-03-11,29.54,0.41714285714285715,0.0426,0.0346,0.0128,0.0085
0.64,2024-03-12,29.54,0.41714285714285715,0.0426,0.0346,0.0128,0.0085
0.09,2024-03-13,29.01,0.40285714285714286,0.0426,0.0346,0.0128,0.0085
0.81,2024-03-14,29.75,0.39428571428571424,0.0426,0.0346,0.0128,0.0085
0.86,2024-03-15,29.82,0.39428571428571424,0.0426,0.0346,0.0128,0.0085
0.91,2024-03-16,29.89,0.39428571428571424,0.0426,0.0346,0.0128,0.0085
1.01,2024-03-17,30.02,0.39571428571428563,0.0426,0.0346,0.0128,0.0085
0.98,2024-03-18,30.01,0.39571428571428563,0.0426,0.0346,0.0128,0.0085
0.88,2024-03-19,29.94,0.39571428571428563,0.0426,0.0346,0.0128,0.0085
0.77,2024-03-20,29.85,0.39571428571428563,0.0426,0.0346,0.0128,0.0085
0.73,2024-03-21,29.84,0.39571428571428563,0.0426,0.0346,0.0128,0.0085
0.81,2024-03-22,29.94,0.39571428571428563,0.0426,0.0346,0.0128,0.0085
0.87,2024-03-23,30.02,0.39571428571428563,0.0426,0.0346,0.0128,0.0085
1.0,2024-03-24,30.17,0.39571428571428563,0.0426,0.0346,0.0128,0.0085
0.9,2024-03-25,30.09,0.39571428571428563,0.0426,0.0346,0.0128,0.0085
0.85,2024-03-26,30.07,0.39571428571428563,0.0426,0.0346,0.0128,0.0085
0.85,2024-03-27,30.09,0.39571428571428563,0.0426,0.0346,0.0128,0.0085
0.9,2024-03-28,30.17,0.39571428571428563,0.0426,0.0346,0.0128,0.0085
0.92,2024-03-29,30.21,0.39571428571428563,0.0426,0.0346,0.0128,0.0085
0.89,2024-03-30,30.21,0.39571428571428563,0.0426,0.0346,0.0128,0.0085
0.93,2024-03-31,30.27,0.39571428571428563,0.0426,0.0346,0.0128,0.0085
1.38,2024-04-01,30.74,0.4499999999999999,0.0426,0.0346,0.0128,0.0085
1.39,2024-04-02,30.78,0.5057142857142857,0.0426,0.0346,0.0128,0.0085
1.33,2024-04-03,30.74,0.5528571428571428,0.0426,0.0346,0.0128,0.0085
1.33,2024-04-04,30.76,0.5999999999999999,0.0426,0.0346,0.0128,0.0085
1.65,2024-04-05,31.11,0.6928571428571428,0.0426,0.0346,0.0128,0.0085
2.08,2024-04-06,31.56,0.8471428571428571,0.0426,0.0346,0.0128,0.0085
1.93,2024-04-07,31.44,0.9799999999999999,0.0426,0.0346,0.0128,0.0085
1.92,2024-04-08,31.45,1.1114285714285714,0.0426,0.0346,0.0128,0.0085
1.88,2024-04-09,31.43,1.237142857142857,0.0426,0.0346,0.0128,0.0085
1.7,2024-04-10,31.28,1.337142857142857,0.0426,0.0346,0.0128,0.0085
1.52,2024-04-11,31.12,1.4114285714285713,0.0426,0.0346,0.0128,0.0085
1.33,2024-04-12,30.95,1.4585714285714284,0.0426,0.0346,0.0128,0.0085
1.21,2024-04-13,30.86,1.4885714285714287,0.0426,0.0346,0.0128,0.0085
1.35,2024-04-14,31.02,1.5385714285714285,0.0426,0.0346,0.0128,0.0085
1.58,2024-04-15,31.27,1.5971428571428572,0.0426,0.0346,0.0128,0.0085
1.54,2024-04-16,31.25,1.6671428571428568,0.0426,0.0346,0.0128,0.0085
1.52,2024-04-17,31.24,1.7414285714285713,0.0426,0.0346,0.0128,0.0085
1.6,2024-04-18,31.32,1.827142857142857,0.0426,0.0346,0.0128,0.0085
1.52,2024-04-19,31.25,1.9014285714285712,0.0426,0.0346,0.0128,0.0085
1.53,2024-04-20,31.27,1.977142857142857,0.0426,0.0346,0.0128,0.0085
1.49,2024-04-21,31.23,2.0471428571428567,0.0426,0.0346,0.0128,0.0085
1.55,2024-04-22,31.3,2.1257142857142854,0.0426,0.0346,0.0128,0.0085
1.77,2024-04-23,31.52,2.2357142857142853,0.0426,0.0346,0.0128,0.0085
1.59,2024-04-24,31.35,2.32,0.0426,0.0346,0.0128,0.0085
2.0,2024-04-25,31.76,2.4628571428571426,0.0426,0.0346,0.0128,0.0085
1.86,2024-04-26,31.63,2.5857142857142854,0.0426,0.0346,0.0128,0.0085
2.16,2024-04-27,31.93,2.7514285714285713,0.0426,0.0346,0.0128,0.0085
2.12,2024-04-28,31.9,2.892857142857143,0.0426,0.0346,0.0128,0.0085
2.29,2024-04-29,32.08,3.051428571428571,0.0426,0.0346,0.0128,0.0085
2.22,2024-04-30,32.02,3.198571428571429,0.0426,0.0346,0.0128,0.0085
2.08,2024-05-01,31.88,3.32,0.0426,0.0346,0.0128,0.0085
2.12,2024-05-02,31.93,3.4285714285714284,0.0426,0.0346,0.0128,0.0085
2.06,2024-05-03,31.87,3.5471428571428567,0.0426,0.0346,0.0128,0.0085
2.04,2024-05-04,31.85,3.6900000000000004,0.0426,0.0346,0.0128,0.0085
2.04,2024-05-05,31.86,3.8385714285714285,0.0426,0.0346,0.0128,0.0085
2.0,2024-05-06,31.83,3.9814285714285718,0.0426,0.0346,0.0128,0.0085
1.98,2024-05-07,31.81,4.121428571428572,0.0426,0.0346,0.0128,0.0085
1.99,2024-05-08,31.83,4.2628571428571425,0.0426,0.0346,0.0128,0.0085
2.01,2024-05-09,31.86,4.4071428571428575,0.0426,0.0346,0.0128,0.0085
1.9,2024-05-10,31.75,4.535714285714286,0.0426,0.0346,0.0128,0.0085
1.74,2024-05-11,31.59,4.6414285714285715,0.0426,0.0346,0.0128,0.0085
1.79,2024-05-12,31.66,4.7542857142857144,0.0426,0.0346,0.0128,0.0085
1.7,2024-05-13,31.57,4.854285714285715,0.0426,0.0346,0.0128,0.0085
1.83,2024-05-14,31.71,4.96,0.0426,0.0346,0.0128,0.0085
1.81,2024-05-15,31.69,5.057142857142857,0.0426,0.0346,0.0128,0.0085
1.81,2024-05-16,31.69,5.148571428571429,0.0426,0.0346,0.0128,0.0085
1.32,2024-05-17,31.2,5.182857142857143,0.0426,0.0346,0.0128,0.0085
1.14,2024-05-18,31.01,5.202857142857143,0.0426,0.0346,0.0128,0.0085
1.31,2024-05-19,31.18,5.247142857142857,0.0426,0.0346,0.0128,0.0085
1.12,2024-05-20,30.98,5.264285714285714,0.0426,0.0346,0.0128,0.0085
1.02,2024-05-21,30.87,5.267142857142858,0.0426,0.0346,0.0128,0.0085
0.91,2024-05-22,30.76,5.267142857142858,0.0426,0.0346,0.0128,0.0085
1.07,2024-05-23,30.91,5.277142857142858,0.0426,0.0346,0.0128,0.0085
1.16,2024-05-24,31.0,5.3,0.0426,0.0346,0.0128,0.0085
1.12,2024-05-25,30.95,5.317142857142857,0.0426,0.0346,0.0128,0.0085
1.53,2024-05-26,31.36,5.392857142857143,0.0426,0.0346,0.0128,0.0085
1.75,2024-05-27,31.57,5.5,0.0426,0.0346,0.0128,0.0085
1.82,2024-05-28,31.63,5.617142857142857,0.0426,0.0346,0.0128,0.0085
1.84,2024-05-29,31.65,5.7371428571428575,0.0426,0.0346,0.0128,0.0085
1.78,2024-05-30,31.58,5.747142857142857,0.0426,0.0346,0.0128,0.0085
0.99,2024-05-31,30.78,5.747142857142857,0.0426,0.0346,0.0128,0.0085
0.53,2024-06-01,30.32,5.747142857142857,0.0426,0.0346,0.0128,0.0085
1.43,2024-06-02,31.22,5.808571428571429,0.0426,0.0346,0.0128,0.0085
1.78,2024-06-03,31.55,5.92,0.0426,0.0346,0.0128,0.0085
1.8,2024-06-04,31.57,6.034285714285715,0.0426,0.0346,0.0128,0.0085
1.89,2024-06-05,31.65,6.161428571428572,0.0426,0.0346,0.0128,0.0085
1.77,2024-06-06,31.52,6.271428571428571,0.0426,0.0346,0.0128,0.0085
1.76,2024-06-07,31.51,6.380000000000001,0.0426,0.0346,0.0128,0.0085
1.74,2024-06-08,31.48,6.485714285714286,0.0426,0.0346,0.0128,0.0085
1.71,2024-06-09,31.45,6.585714285714286,0.0426,0.0346,0.0128,0.0085
1.59,2024-06-10,31.33,6.670000000000001,0.0426,0.0346,0.0128,0.0085
1.52,2024-06-11,31.24,6.744285714285715,0.0426,0.0346,0.0128,0.0085
1.5,2024-06-12,31.22,6.815714285714286,0.0426,0.0346,0.0128,0.0085
1.43,2024-06-13,31.14,6.877142857142857,0.0426,0.0346,0.0128,0.0085
1.55,2024-06-14,31.26,6.955714285714286,0.0426,0.0346,0.0128,0.0085
1.4,2024-06-15,31.1,7.012857142857143,0.0426,0.0346,0.0128,0.0085
1.08,2024-06-16,30.77,7.024285714285715,0.0426,0.0346,0.0128,0.0085
0.89,2024-06-17,30.57,7.024285714285715,0.0426,0.0346,0.0128,0.0085
0.89,2024-06-18,30.56,7.024285714285715,0.0426,0.0346,0.0128,0.0085
0.8300000000000001,2024-06-19,30.5,7.024285714285715,0.0426,0.0346,0.0128,0.0085
0.71,2024-06-20,30.37,7.024285714285715,0.0426,0.0346,0.0128,0.0085
0.72,2024-06-21,30.37,7.024285714285715,0.0426,0.0346,0.0128,0.0085
0.77,2024-06-22,30.4,7.024285714285715,0.0426,0.0346,0.0128,0.0085
0.58,2024-06-23,30.21,7.024285714285715,0.0426,0.0346,0.0128,0.0085
1.22,2024-06-24,30.84,7.001428571428571,0.0426,0.0346,0.0128,0.0085
1.24,2024-06-25,30.85,6.9799999999999995,0.0426,0.0346,0.0128,0.0085
1.06,2024-06-26,30.66,6.941428571428572,0.0426,0.0346,0.0128,0.0085
1.1,2024-06-27,30.69,6.908571428571429,0.0426,0.0346,0.0128,0.0085
1.1,2024-06-28,30.68,6.83,0.0426,0.0346,0.0128,0.0085
0.95,2024-06-29,30.52,6.675714285714285,0.0426,0.0346,0.0128,0.0085
0.8,2024-06-30,30.36,6.542857142857143,0.0426,0.0346,0.0128,0.0085
0.92,2024-07-01,30.48,6.411428571428571,0.0426,0.0346,0.0128,0.0085
0.95,2024-07-02,30.49,6.285714285714286,0.0426,0.0346,0.0128,0.0085
0.81,2024-07-03,30.34,6.185714285714285,0.0426,0.0346,0.0128,0.0085
0.84,2024-07-04,30.36,6.111428571428571,0.0426,0.0346,0.0128,0.0085
0.93,2024-07-05,30.44,6.064285714285714,0.0426,0.0346,0.0128,0.0085
0.89,2024-07-06,30.4,6.034285714285715,0.0426,0.0346,0.0128,0.0085
0.66,2024-07-07,30.15,5.984285714285714,0.0426,0.0346,0.0128,0.0085
0.77,2024-07-08,30.26,5.901428571428572,0.0426,0.0346,0.0128,0.0085
0.96,2024-07-09,30.43,5.824285714285714,0.0426,0.0346,0.0128,0.0085
0.09,2024-07-10,29.56,5.75,0.0426,0.0346,0.0128,0.0085
0.42,2024-07-11,29.87,5.664285714285714,0.0426,0.0346,0.0128,0.0085
0.7000000000000001,2024-07-12,30.15,5.589999999999999,0.0426,0.0346,0.0128,0.0085
0.81,2024-07-13,30.24,5.514285714285714,0.0426,0.0346,0.0128,0.0085
0.8300000000000001,2024-07-14,30.26,5.444285714285714,0.0426,0.0346,0.0128,0.0085
0.87,2024-07-15,30.29,5.365714285714285,0.0426,0.0346,0.0128,0.0085
0.81,2024-07-16,30.22,5.255714285714285,0.0426,0.0346,0.0128,0.0085
0.72,2024-07-17,30.12,5.171428571428571,0.0426,0.0346,0.0128,0.0085
0.81,2024-07-18,30.21,5.028571428571428,0.0426,0.0346,0.0128,0.0085
1.11,2024-07-19,30.5,4.921428571428572,0.0426,0.0346,0.0128,0.0085
1.14,2024-07-20,30.52,4.775714285714286,0.0426,0.0346,0.0128,0.0085
1.01,2024-07-21,30.39,4.617142857142857,0.0426,0.0346,0.0128,0.0085
1.06,2024-07-22,30.43,4.441428571428572,0.0426,0.0346,0.0128,0.0085
1.07,2024-07-23,30.44,4.277142857142858,0.0426,0.0346,0.0128,0.0085
1.06,2024-07-24,30.41,4.131428571428572,0.0426,0.0346,0.0128,0.0085
1.06,2024-07-25,30.41,3.98,0.0426,0.0346,0.0128,0.0085
1.22,2024-07-26,30.57,3.8600000000000003,0.0426,0.0346,0.0128,0.0085
1.23,2024-07-27,30.57,3.744285714285714,0.0426,0.0346,0.0128,0.0085
1.17,2024-07-28,30.5,3.62,0.0426,0.0346,0.0128,0.0085
1.3,2024-07-29,30.62,3.52,0.0426,0.0346,0.0128,0.0085
1.34,2024-07-30,30.66,3.4285714285714284,0.0426,0.0346,0.0128,0.0085
1.32,2024-07-31,30.63,3.332857142857143,0.0426,0.0346,0.0128,0.0085
1.16,2024-08-01,30.47,3.2114285714285713,0.0426,0.0346,0.0128,0.0085
1.28,2024-08-02,30.58,3.122857142857143,0.0426,0.0346,0.0128,0.0085
1.28,2024-08-03,30.58,3.057142857142857,0.0426,0.0346,0.0128,0.0085
1.19,2024-08-04,30.47,2.9714285714285715,0.0426,0.0346,0.0128,0.0085
1.2,2024-08-05,30.48,2.9,0.0426,0.0346,0.0128,0.0085
1.21,2024-08-06,30.49,2.8114285714285714,0.0426,0.0346,0.0128,0.0085
1.38,2024-08-07,30.64,2.75,0.0426,0.0346,0.0128,0.0085
1.47,2024-08-08,30.73,2.7014285714285715,0.0426,0.0346,0.0128,0.0085
1.29,2024-08-09,30.55,2.6971428571428575,0.0426,0.0346,0.0128,0.0085
1.25,2024-08-10,30.5,2.712857142857143,0.0426,0.0346,0.0128,0.0085
1.26,2024-08-11,30.5,2.705714285714286,0.0426,0.0346,0.0128,0.0085
1.38,2024-08-12,30.61,2.742857142857143,0.0426,0.0346,0.0128,0.0085
1.42,2024-08-13,30.65,2.8000000000000003,0.0426,0.0346,0.0128,0.0085
1.54,2024-08-14,30.76,2.8771428571428572,0.0426,0.0346,0.0128,0.0085
1.57,2024-08-15,30.78,2.948571428571429,0.0426,0.0346,0.0128,0.0085
1.59,2024-08-16,30.8,3.0100000000000002,0.0426,0.0346,0.0128,0.0085
1.58,2024-08-17,30.78,3.075714285714286,0.0426,0.0346,0.0128,0.0085
1.6,2024-08-18,30.79,3.0857142857142854,0.0426,0.0346,0.0128,0.0085
1.54,2024-08-19,30.73,3.0557142857142856,0.0426,0.0346,0.0128,0.0085
1.08,2024-08-20,30.26,2.9499999999999997,0.0426,0.0346,0.0128,0.0085
1.21,2024-08-21,30.39,2.86,0.0426,0.0346,0.0128,0.0085
1.33,2024-08-22,30.5,2.795714285714286,0.0426,0.0346,0.0128,0.0085
1.35,2024-08-23,30.52,2.845714285714286,0.0426,0.0346,0.0128,0.0085
1.23,2024-08-24,30.39,2.878571428571429,0.0426,0.0346,0.0128,0.0085
1.32,2024-08-25,30.48,2.8628571428571434,0.0426,0.0346,0.0128,0.0085
1.36,2024-08-26,30.51,2.802857142857143,0.0426,0.0346,0.0128,0.0085
1.32,2024-08-27,30.46,2.7342857142857144,0.0426,0.0346,0.0128,0.0085
1.25,2024-08-28,30.39,2.642857142857143,0.0426,0.0346,0.0128,0.0085
1.36,2024-08-29,30.49,2.584285714285714,0.0426,0.0346,0.0128,0.0085
1.59,2024-08-30,30.71,2.56,0.0426,0.0346,0.0128,0.0085
1.58,2024-08-31,30.7,2.5371428571428574,0.0426,0.0346,0.0128,0.0085
1.71,2024-09-01,30.82,2.5371428571428574,0.0426,0.0346,0.0128,0.0085
1.53,2024-09-02,30.64,2.5285714285714285,0.0426,0.0346,0.0128,0.0085
1.42,2024-09-03,30.52,2.5142857142857147,0.0426,0.0346,0.0128,0.0085
1.26,2024-09-04,30.36,2.48,0.0426,0.0346,0.0128,0.0085
1.05,2024-09-05,30.14,2.4257142857142857,0.0426,0.0346,0.0128,0.0085
0.98,2024-09-06,30.06,2.347142857142857,0.0426,0.0346,0.0128,0.0085
0.94,2024-09-07,30.02,2.29,0.0426,0.0346,0.0128,0.0085
0.62,2024-09-08,29.69,2.278571428571429,0.0426,0.0346,0.0128,0.0085
0.5700000000000001,2024-09-09,29.64,2.278571428571429,0.0426,0.0346,0.0128,0.0085
0.7000000000000001,2024-09-10,29.76,2.278571428571429,0.0426,0.0346,0.0128,0.0085
0.72,2024-09-11,29.78,2.278571428571429,0.0426,0.0346,0.0128,0.0085
0.8300000000000001,2024-09-12,29.88,2.278571428571429,0.0426,0.0346,0.0128,0.0085
0.8200000000000001,2024-09-13,29.86,2.278571428571429,0.0426,0.0346,0.0128,0.0085
0.75,2024-09-14,29.79,2.278571428571429,0.0426,0.0346,0.0128,0.0085
0.75,2024-09-15,29.78,2.278571428571429,0.0426,0.0346,0.0128,0.0085
0.7000000000000001,2024-09-16,29.73,2.2471428571428573,0.0426,0.0346,0.0128,0.0085
0.74,2024-09-17,29.76,2.212857142857143,0.0426,0.0346,0.0128,0.0085
0.1,2024-09-18,29.12,2.2042857142857146,0.0426,0.0346,0.0128,0.0085
0.23,2024-09-19,29.23,2.1900000000000004,0.0426,0.0346,0.0128,0.0085
-0.03,2024-09-20,28.97,2.1757142857142857,0.0426,0.0346,0.0128,0.0085
-0.04,2024-09-21,28.96,2.1757142857142857,0.0426,0.0346,0.0128,0.0085
0.14,2024-09-22,29.13,2.1757142857142857,0.0426,0.0346,0.0128,0.0085
0.32,2024-09-23,29.3,2.1757142857142857,0.0426,0.0346,0.0128,0.0085
0.43,2024-09-24,29.42,2.1757142857142857,0.0426,0.0346,0.0128,0.0085
0.55,2024-09-25,29.52,2.1757142857142857,0.0426,0.0346,0.0128,0.0085
0.43,2024-09-26,29.4,2.1757142857142857,0.0426,0.0346,0.0128,0.0085
0.41,2024-09-27,29.38,2.1757142857142857,0.0426,0.0346,0.0128,0.0085
0.71,2024-09-28,29.67,2.1757142857142857,0.0426,0.0346,0.0128,0.0085
0.75,2024-09-29,29.71,2.1757142857142857,0.0426,0.0346,0.0128,0.0085
0.66,2024-09-30,29.61,2.1757142857142857,0.0426,0.0346,0.0128,0.0085
0.76,2024-10-01,29.7,2.1757142857142857,0.0426,0.0346,0.0128,0.0085
0.77,2024-10-02,29.71,2.1757142857142857,0.0426,0.0346,0.0128,0.0085
0.8,2024-10-03,29.73,2.1757142857142857,0.0426,0.0346,0.0128,0.0085
0.84,2024-10-04,29.77,2.1757142857142857,0.0426,0.0346,0.0128,0.0085
0.74,2024-10-05,29.66,2.1757142857142857,0.0426,0.0346,0.0128,0.0085
0.85,2024-10-06,29.76,2.1757142857142857,0.0426,0.0346,0.0128,0.0085
0.81,2024-10-07,29.73,2.1757142857142857,0.0426,0.0346,0.0128,0.0085
0.51,2024-10-08,29.42,2.1757142857142857,0.0426,0.0346,0.0128,0.0085
0.79,2024-10-09,29.7,2.1757142857142857,0.0426,0.0346,0.0128,0.0085
1.01,2024-10-10,29.9,2.177142857142857,0.0426,0.0346,0.0128,0.0085
0.87,2024-10-11,29.76,2.1614285714285715,0.0426,0.0346,0.0128,0.0085
0.6900000000000001,2024-10-12,29.58,2.1414285714285715,0.0426,0.0346,0.0128,0.0085
0.6900000000000001,2024-10-13,29.57,2.14,0.0426,0.0346,0.0128,0.0085
0.71,2024-10-14,29.58,2.1314285714285717,0.0426,0.0346,0.0128,0.0085
0.79,2024-10-15,29.66,2.1214285714285714,0.0426,0.0346,0.0128,0.0085
0.84,2024-10-16,29.71,2.112857142857143,0.0426,0.0346,0.0128,0.0085
0.85,2024-10-17,29.71,2.1042857142857145,0.0426,0.0346,0.0128,0.0085
0.85,2024-10-18,29.71,2.072857142857143,0.0426,0.0346,0.0128,0.0085
0.76,2024-10-19,29.6,2.04,0.0426,0.0346,0.0128,0.0085
0.99,2024-10-20,29.83,2.015714285714286,0.0426,0.0346,0.0128,0.0085
1.15,2024-10-21,29.99,1.9942857142857144,0.0426,0.0346,0.0128,0.0085
1.09,2024-10-22,29.93,1.9585714285714286,0.0426,0.0346,0.0128,0.0085
0.76,2024-10-23,29.59,1.912857142857143,0.0426,0.0346,0.0128,0.0085
1.03,2024-10-24,29.85,1.8942857142857144,0.0426,0.0346,0.0128,0.0085
0.92,2024-10-25,29.74,1.8542857142857143,0.0426,0.0346,0.0128,0.0085
0.78,2024-10-26,29.59,1.8142857142857143,0.0426,0.0346,0.0128,0.0085
0.64,2024-10-27,29.45,1.7871428571428571,0.0426,0.0346,0.0128,0.0085
0.61,2024-10-28,29.41,1.7585714285714287,0.0426,0.0346,0.0128,0.0085
0.68,2024-10-29,29.48,1.7285714285714284,0.0426,0.0346,0.0128,0.0085
0.76,2024-10-30,29.55,1.6742857142857144,0.0426,0.0346,0.0128,0.0085
0.79,2024-10-31,29.58,1.6071428571428572,0.0426,0.0346,0.0128,0.0085
0.78,2024-11-01,29.56,1.5657142857142858,0.0426,0.0346,0.0128,0.0085
0.78,2024-11-02,29.55,1.53,0.0426,0.0346,0.0128,0.0085
0.8200000000000001,2024-11-03,29.59,1.492857142857143,0.0426,0.0346,0.0128,0.0085
0.85,2024-11-04,29.61,1.4385714285714286,0.0426,0.0346,0.0128,0.0085
1.25,2024-11-05,30.01,1.4142857142857144,0.0426,0.0346,0.0128,0.0085
0.95,2024-11-06,29.71,1.3371428571428574,0.0426,0.0346,0.0128,0.0085
1.07,2024-11-07,29.82,1.2657142857142858,0.0426,0.0346,0.0128,0.0085
1.02,2024-11-08,29.77,1.1842857142857144,0.0426,0.0346,0.0128,0.0085
1.05,2024-11-09,29.79,1.1085714285714288,0.0426,0.0346,0.0128,0.0085
1.09,2024-11-10,29.82,1.0357142857142858,0.0426,0.0346,0.0128,0.0085
0.98,2024-11-11,29.7,0.9585714285714287,0.0426,0.0346,0.0128,0.0085
1.07,2024-11-12,29.79,0.9571428571428573,0.0426,0.0346,0.0128,0.0085
1.23,2024-11-13,29.95,0.9600000000000001,0.0426,0.0346,0.0128,0.0085
1.15,2024-11-14,29.86,0.9342857142857144,0.0426,0.0346,0.0128,0.0085
1.23,2024-11-15,29.94,0.9171428571428571,0.0426,0.0346,0.0128,0.0085
1.34,2024-11-16,30.03,0.932857142857143,0.0426,0.0346,0.0128,0.0085
1.35,2024-11-17,30.03,0.9371428571428572,0.0426,0.0346,0.0128,0.0085
1.56,2024-11-18,30.22,0.9657142857142859,0.0426,0.0346,0.0128,0.0085
1.37,2024-11-19,30.02,0.9728571428571431,0.0426,0.0346,0.0128,0.0085
1.36,2024-11-20,30.0,0.9885714285714285,0.0426,0.0346,0.0128,0.0085
1.37,2024-11-21,30.0,0.9900000000000002,0.0426,0.0346,0.0128,0.0085
1.43,2024-11-22,30.04,0.9671428571428573,0.0426,0.0346,0.0128,0.0085
1.35,2024-11-23,29.95,0.9342857142857144,0.0426,0.0346,0.0128,0.0085
0.95,2024-11-24,29.53,0.8328571428571429,0.0426,0.0346,0.0128,0.0085
1.06,2024-11-25,29.64,0.7657142857142859,0.0426,0.0346,0.0128,0.0085
1.88,2024-11-26,30.44,0.8314285714285716,0.0426,0.0346,0.0128,0.0085
1.96,2024-11-27,30.51,0.9314285714285715,0.0426,0.0346,0.0128,0.0085
1.77,2024-11-28,30.31,1.0342857142857143,0.0426,0.0346,0.0128,0.0085
1.4,2024-11-29,29.92,1.0914285714285714,0.0426,0.0346,0.0128,0.0085
1.09,2024-11-30,29.6,1.1042857142857143,0.0426,0.0346,0.0128,0.0085
1.11,2024-12-01,29.61,1.12,0.0426,0.0346,0.0128,0.0085
1.22,2024-12-02,29.7,1.1514285714285715,0.0426,0.0346,0.0128,0.0085
1.23,2024-12-03,29.69,1.1842857142857144,0.0426,0.0346,0.0128,0.0085
1.16,2024-12-04,29.61,1.2071428571428573,0.0426,0.0346,0.0128,0.0085
1.16,2024-12-05,29.6,1.23,0.0426,0.0346,0.0128,0.0085
1.17,2024-12-06,29.6,1.2542857142857144,0.0426,0.0346,0.0128,0.0085
1.15,2024-12-07,29.57,1.2757142857142856,0.0426,0.0346,0.0128,0.0085
1.09,2024-12-08,29.49,1.2885714285714285,0.0426,0.0346,0.0128,0.0085
1.06,2024-12-09,29.44,1.2971428571428572,0.0426,0.0346,0.0128,0.0085
0.95,2024-12-10,29.32,1.2971428571428572,0.0426,0.0346,0.0128,0.0085
0.88,2024-12-11,29.24,1.2971428571428572,0.0426,0.0346,0.0128,0.0085
0.96,2024-12-12,29.31,1.2971428571428572,0.0426,0.0346,0.0128,0.0085
1.02,2024-12-13,29.35,1.3,0.0426,0.0346,0.0128,0.0085
0.95,2024-12-14,29.27,1.3,0.0426,0.0346,0.0128,0.0085
0.96,2024-12-15,29.27,1.3,0.0426,0.0346,0.0128,0.0085
0.93,2024-12-16,29.23,1.3,0.0426,0.0346,0.0128,0.0085
0.81,2024-12-17,29.09,1.3,0.0426,0.0346,0.0128,0.0085
0.78,2024-12-18,29.06,1.3,0.0426,0.0346,0.0128,0.0085
0.77,2024-12-19,29.04,1.3,0.0426,0.0346,0.0128,0.0085
0.78,2024-12-20,29.04,1.3,0.0426,0.0346,0.0128,0.0085
0.77,2024-12-21,29.02,1.3,0.0426,0.0346,0.0128,0.0085
0.77,2024-12-22,29.0,1.3,0.0426,0.0346,0.0128,0.0085
0.68,2024-12-23,28.91,1.3,0.0426,0.0346,0.0128,0.0085
0.6900000000000001,2024-12-24,28.91,1.3,0.0426,0.0346,0.0128,0.0085
0.71,2024-12-25,28.93,1.3,0.0426,0.0346,0.0128,0.0085
0.6900000000000001,2024-12-26,28.9,1.3,0.0426,0.0346,0.0128,0.0085
0.78,2024-12-27,28.98,1.3,0.0426,0.0346,0.0128,0.0085
0.84,2024-12-28,29.02,1.3,0.0426,0.0346,0.0128,0.0085
0.89,2024-12-29,29.07,1.3,0.0426,0.0346,0.0128,0.0085
0.99,2024-12-30,29.16,1.3,0.0426,0.0346,0.0128,0.0085
0.89,2024-12-31,29.05,1.3,0.0426,0.0346,0.0128,0.0085
1.06,2025-01-01,29.21,1.3085714285714285,0.0426,0.0346,0.0128,0.0085
1.18,2025-01-02,29.32,1.332857142857143,0.0426,0.0346,0.0128,0.0085
1.13,2025-01-03,29.27,1.3514285714285716,0.0426,0.0346,0.0128,0.0085
1.0,2025-01-04,29.12,1.3514285714285716,0.0426,0.0346,0.0128,0.0085
0.98,2025-01-05,29.1,1.3514285714285716,0.0426,0.0346,0.0128,0.0085
0.84,2025-01-06,28.95,1.3514285714285716,0.0426,0.0346,0.0128,0.0085
0.8,2025-01-07,28.9,1.3514285714285716,0.0426,0.0346,0.0128,0.0085
0.81,2025-01-08,28.9,1.3514285714285716,0.0426,0.0346,0.0128,0.0085
0.88,2025-01-09,28.96,1.3514285714285716,0.0426,0.0346,0.0128,0.0085
0.8200000000000001,2025-01-10,28.89,1.3514285714285716,0.0426,0.0346,0.0128,0.0085
0.67,2025-01-11,28.73,1.3514285714285716,0.0426,0.0346,0.0128,0.0085
0.46,2025-01-12,28.52,1.3514285714285716,0.0426,0.0346,0.0128,0.0085
0.35,2025-01-13,28.4,1.33,0.0426,0.0346,0.0128,0.0085
0.4,2025-01-15,28.43,1.3171428571428572,0.0426,0.0346,0.0128,0.0085
0.43,2025-01-16,28.45,1.3171428571428572,0.0426,0.0346,0.0128,0.0085
0.37,2025-01-17,28.4,1.312857142857143,0.0426,0.0346,0.0128,0.0085
0.21,2025-01-18,28.25,1.312857142857143,0.0426,0.0346,0.0128,0.0085
0.27,2025-01-19,28.32,1.312857142857143,0.0426,0.0346,0.0128,0.0085
0.36,2025-01-20,28.42,1.312857142857143,0.0426,0.0346,0.0128,0.0085
0.41,2025-01-21,28.49,1.312857142857143,0.0426,0.0346,0.0128,0.0085
0.58,2025-01-22,28.67,1.312857142857143,0.0426,0.0346,0.0128,0.0085
0.48,2025-01-23,28.57,1.312857142857143,0.0426,0.0346,0.0128,0.0085
0.61,2025-01-24,28.72,1.312857142857143,0.0426,0.0346,0.0128,0.0085
0.71,2025-01-25,28.83,1.312857142857143,0.0426,0.0346,0.0128,0.0085
0.73,2025-01-26,28.86,1.312857142857143,0.0426,0.0346,0.0128,0.0085
0.63,2025-01-27,28.77,1.312857142857143,0.0426,0.0346,0.0128,0.0085
0.34,2025-01-28,28.49,1.312857142857143,0.0426,0.0346,0.0128,0.0085
0.36,2025-01-29,28.52,1.2771428571428574,0.0426,0.0346,0.0128,0.0085
0.32,2025-01-30,28.5,1.2771428571428574,0.0426,0.0346,0.0128,0.0085
0.4,2025-01-31,28.59,1.2671428571428573,0.0426,0.0346,0.0128,0.0085
0.61,2025-02-01,28.81,1.2642857142857145,0.0426,0.0346,0.0128,0.0085
0.76,2025-02-02,28.97,1.2571428571428573,0.0426,0.0346,0.0128,0.0085
0.78,2025-02-03,29.0,1.2442857142857144,0.0426,0.0346,0.0128,0.0085
0.74,2025-02-04,28.97,1.2442857142857144,0.0426,0.0346,0.0128,0.0085
0.65,2025-02-05,28.89,1.2342857142857144,0.0426,0.0346,0.0128,0.0085
0.8,2025-02-06,29.05,1.2014285714285715,0.0426,0.0346,0.0128,0.0085
0.85,2025-02-07,29.11,1.1800000000000002,0.0426,0.0346,0.0128,0.0085
0.8200000000000001,2025-02-08,29.09,1.1471428571428572,0.0426,0.0346,0.0128,0.0085
0.84,2025-02-09,29.12,1.0985714285714285,0.0426,0.0346,0.0128,0.0085
0.8200000000000001,2025-02-10,29.12,1.0485714285714285,0.0426,0.0346,0.0128,0.0085
0.96,2025-02-11,29.26,0.9685714285714285,0.0426,0.0346,0.0128,0.0085
1.0,2025-02-12,29.32,0.9157142857142857,0.0426,0.0346,0.0128,0.0085
0.89,2025-02-13,29.22,0.8642857142857144,0.0426,0.0346,0.0128,0.0085
1.03,2025-02-14,29.36,0.8157142857142856,0.0426,0.0346,0.0128,0.0085
1.02,2025-02-15,29.37,0.7571428571428571,0.0426,0.0346,0.0128,0.0085
1.11,2025-02-16,29.49,0.722857142857143,0.0426,0.0346,0.0128,0.0085
1.06,2025-02-17,29.46,0.7314285714285714,0.0426,0.0346,0.0128,0.0085
1.03,2025-02-18,29.45,0.7271428571428571,0.0426,0.0346,0.0128,0.0085
0.95,2025-02-19,29.39,0.6014285714285714,0.0426,0.0346,0.0128,0.0085
0.97,2025-02-20,29.43,0.4642857142857143,0.0426,0.0346,0.0128,0.0085
1.03,2025-02-21,29.51,0.3585714285714286,0.0426,0.0346,0.0128,0.0085
1.03,2025-02-22,29.54,0.30571428571428577,0.0426,0.0346,0.0128,0.0085
0.84,2025-02-23,29.37,0.2928571428571428,0.0426,0.0346,0.0128,0.0085
0.63,2025-02-24,29.18,0.27714285714285714,0.0426,0.0346,0.0128,0.0085
0.53,2025-02-25,29.1,0.24571428571428572,0.0426,0.0346,0.0128,0.0085
0.49,2025-02-26,29.08,0.21285714285714286,0.0426,0.0346,0.0128,0.0085
0.41,2025-02-27,29.03,0.19,0.0426,0.0346,0.0128,0.0085
0.38,2025-02-28,29.01,0.16714285714285718,0.0426,0.0346,0.0128,0.0085
0.38,2025-03-01,29.04,0.14285714285714288,0.0426,0.0346,0.0128,0.0085
0.45,2025-03-02,29.12,0.12142857142857147,0.0426,0.0346,0.0128,0.0085
0.47,2025-03-03,29.17,0.10857142857142861,0.0426,0.0346,0.0128,0.0085
0.52,2025-03-04,29.25,0.10000000000000002,0.0426,0.0346,0.0128,0.0085
0.5700000000000001,2025-03-05,29.31,0.10000000000000002,0.0426,0.0346,0.0128,0.0085
0.48,2025-03-06,29.25,0.10000000000000002,0.0426,0.0346,0.0128,0.0085
0.49,2025-03-07,29.28,0.10000000000000002,0.0426,0.0346,0.0128,0.0085
0.71,2025-03-08,29.51,0.09714285714285717,0.0426,0.0346,0.0128,0.0085
0.6,2025-03-09,29.43,0.09714285714285717,0.0426,0.0346,0.0128,0.0085
0.6,2025-03-10,29.45,0.09714285714285717,0.0426,0.0346,0.0128,0.0085
0.55,2025-03-11,29.43,0.09714285714285717,0.0426,0.0346,0.0128,0.0085
0.43,2025-03-12,29.33,0.09714285714285717,0.0426,0.0346,0.0128,0.0085
0.36,2025-03-13,29.27,0.09714285714285717,0.0426,0.0346,0.0128,0.0085
0.48,2025-03-14,29.42,0.09714285714285717,0.0426,0.0346,0.0128,0.0085
0.61,2025-03-15,29.57,0.09714285714285717,0.0426,0.0346,0.0128,0.0085
0.75,2025-03-16,29.73,0.09714285714285717,0.0426,0.0346,0.0128,0.0085
0.7000000000000001,2025-03-17,29.71,0.09714285714285717,0.0426,0.0346,0.0128,0.0085
0.67,2025-03-18,29.7,0.09714285714285717,0.0426,0.0346,0.0128,0.0085
0.61,2025-03-19,29.67,0.09714285714285717,0.0426,0.0346,0.0128,0.0085
0.09,2025-03-20,29.16,0.09714285714285717,0.0426,0.0346,0.0128,0.0085
0.44,2025-03-21,29.55,0.09714285714285717,0.0426,0.0346,0.0128,0.0085
0.47,2025-03-22,29.6,0.09714285714285717,0.0426,0.0346,0.0128,0.0085
0.47,2025-03-23,29.61,0.09714285714285717,0.0426,0.0346,0.0128,0.0085
0.5700000000000001,2025-03-24,29.74,0.09714285714285717,0.0426,0.0346,0.0128,0.0085
0.65,2025-03-25,29.84,0.09714285714285717,0.0426,0.0346,0.0128,0.0085
0.76,2025-03-26,29.98,0.09714285714285717,0.0426,0.0346,0.0128,0.0085
0.72,2025-03-27,29.96,0.08857142857142859,0.0426,0.0346,0.0128,0.0085
0.74,2025-03-28,30.01,0.06285714285714288,0.0426,0.0346,0.0128,0.0085
0.81,2025-03-29,30.1,0.044285714285714324,0.0426,0.0346,0.0128,0.0085
0.98,2025-03-30,30.29,0.044285714285714324,0.0426,0.0346,0.0128,0.0085
0.98,2025-03-31,30.32,0.044285714285714324,0.0426,0.0346,0.0128,0.0085
0.95,2025-04-01,30.31,0.044285714285714324,0.0426,0.0346,0.0128,0.0085
0.63,2025-04-02,30.02,0.044285714285714324,0.0426,0.0346,0.0128,0.0085
0.53,2025-04-03,29.94,0.044285714285714324,0.0426,0.0346,0.0128,0.0085
0.4,2025-04-04,29.83,0.044285714285714324,0.0426,0.0346,0.0128,0.0085
0.47,2025-04-05,29.93,0.044285714285714324,0.0426,0.0346,0.0128,0.0085
0.39,2025-04-06,29.87,0.044285714285714324,0.0426,0.0346,0.0128,0.0085
0.41,2025-04-07,29.92,0.044285714285714324,0.0426,0.0346,0.0128,0.0085
0.47,2025-04-08,30.0,0.044285714285714324,0.0426,0.0346,0.0128,0.0085
0.21,2025-04-09,29.76,0.044285714285714324,0.0426,0.0346,0.0128,0.0085
-0.06,2025-04-10,29.52,0.044285714285714324,0.0426,0.0346,0.0128,0.0085
0.37,2025-04-11,29.97,0.044285714285714324,0.0426,0.0346,0.0128,0.0085
0.39,2025-04-12,30.01,0.044285714285714324,0.0426,0.0346,0.0128,0.0085
0.42,2025-04-13,30.07,0.044285714285714324,0.0426,0.0346,0.0128,0.0085
0.61,2025-04-14,30.29,0.044285714285714324,0.0426,0.0346,0.0128,0.0085
0.2,2025-04-15,29.9,0.044285714285714324,0.0426,0.0346,0.0128,0.0085
0.34,2025-04-16,30.05,0.044285714285714324,0.0426,0.0346,0.0128,0.0085
0.4,2025-04-17,30.11,0.044285714285714324,0.0426,0.0346,0.0128,0.0085
0.56,2025-04-18,30.28,0.044285714285714324,0.0426,0.0346,0.0128,0.0085
0.47,2025-04-19,30.19,0.044285714285714324,0.0426,0.0346,0.0128,0.0085
0.39,2025-04-20,30.13,0.044285714285714324,0.0426,0.0346,0.0128,0.0085
0.45,2025-04-21,30.19,0.044285714285714324,0.0426,0.0346,0.0128,0.0085
0.48,2025-04-22,30.22,0.044285714285714324,0.0426,0.0346,0.0128,0.0085
0.43,2025-04-23,30.18,0.044285714285714324,0.0426,0.0346,0.0128,0.0085
0.62,2025-04-24,30.38,0.044285714285714324,0.0426,0.0346,0.0128,0.0085
0.85,2025-04-25,30.61,0.044285714285714324,0.0426,0.0346,0.0128,0.0085
0.73,2025-04-26,30.5,0.044285714285714324,0.0426,0.0346,0.0128,0.0085
0.58,2025-04-27,30.35,0.044285714285714324,0.0426,0.0346,0.0128,0.0085
0.52,2025-04-28,30.3,0.044285714285714324,0.0426,0.0346,0.0128,0.0085
0.68,2025-04-29,30.46,0.044285714285714324,0.0426,0.0346,0.0128,0.0085
0.8,2025-04-30,30.59,0.044285714285714324,0.0426,0.0346,0.0128,0.0085
0.81,2025-05-01,30.61,0.044285714285714324,0.0426,0.0346,0.0128,0.0085
0.85,2025-05-02,30.65,0.044285714285714324,0.0426,0.0346,0.0128,0.0085
0.67,2025-05-03,30.48,0.044285714285714324,0.0426,0.0346,0.0128,0.0085
0.1,2025-05-04,29.91,0.044285714285714324,0.0426,0.0346,0.0128,0.0085
0.64,2025-05-05,30.46,0.044285714285714324,0.0426,0.0346,0.0128,0.0085
0.48,2025-05-06,30.31,0.044285714285714324,0.0426,0.0346,0.0128,0.0085
0.3,2025-05-07,30.14,0.044285714285714324,0.0426,0.0346,0.0128,0.0085
0.26,2025-05-08,30.1,0.044285714285714324,0.0426,0.0346,0.0128,0.0085
0.25,2025-05-09,30.1,0.040000000000000036,0.0426,0.0346,0.0128,0.0085
0.0,2025-05-10,29.85,0.03714285714285718,0.0426,0.0346,0.0128,0.0085
-0.02,2025-05-11,29.84,0.021428571428571446,0.0426,0.0346,0.0128,0.0085
0.23,2025-05-12,30.09,0.012857142857142869,0.0426,0.0346,0.0128,0.0085
0.09,2025-05-13,29.96,0.008571428571428579,0.0426,0.0346,0.0128,0.0085
0.16,2025-05-14,30.03,0.008571428571428579,0.0426,0.0346,0.0128,0.0085
0.31,2025-05-15,30.19,0.008571428571428579,0.0426,0.0346,0.0128,0.0085
0.22,2025-05-16,30.1,0.004285714285714289,0.0426,0.0346,0.0128,0.0085
0.26,2025-05-17,30.14,0.0,0.0426,0.0346,0.0128,0.0085
0.27,2025-05-18,30.15,0.0,0.0426,0.0346,0.0128,0.0085
0.28,2025-05-19,30.15,0.0,0.0426,0.0346,0.0128,0.0085
0.39,2025-05-20,30.25,0.0,0.0426,0.0346,0.0128,0.0085
0.53,2025-05-21,30.39,0.0,0.0426,0.0346,0.0128,0.0085
0.54,2025-05-22,30.39,0.0,0.0426,0.0346,0.0128,0.0085
0.53,2025-05-23,30.37,0.0,0.0426,0.0346,0.0128,0.0085
0.18,2025-05-24,30.02,0.0,0.0426,0.0346,0.0128,0.0085
0.18,2025-05-25,30.01,0.0,0.0426,0.0346,0.0128,0.0085
0.12,2025-05-26,29.94,0.0,0.0426,0.0346,0.0128,0.0085
0.12,2025-05-27,29.94,0.0,0.0426,0.0346,0.0128,0.0085
0.4,2025-05-28,30.21,0.0,0.0426,0.0346,0.0128,0.0085
0.59,2025-05-29,30.4,0.0,0.0426,0.0346,0.0128,0.0085
0.63,2025-05-30,30.43,0.0,0.0426,0.0346,0.0128,0.0085
0.75,2025-05-31,30.54,0.0,0.0426,0.0346,0.0128,0.0085
0.6900000000000001,2025-06-01,30.48,0.0,0.0426,0.0346,0.0128,0.0085
0.7000000000000001,2025-06-02,30.48,0.0,0.0426,0.0346,0.0128,0.0085
0.63,2025-06-03,30.41,0.0,0.0426,0.0346,0.0128,0.0085
0.51,2025-06-04,30.28,0.0,0.0426,0.0346,0.0128,0.0085
0.4,2025-06-05,30.16,0.0,0.0426,0.0346,0.0128,0.0085
0.36,2025-06-06,30.12,0.0,0.0426,0.0346,0.0128,0.0085
0.12,2025-06-07,29.87,0.0,0.0426,0.0346,0.0128,0.0085
0.11,2025-06-08,29.85,0.0,0.0426,0.0346,0.0128,0.0085
0.04,2025-06-09,29.78,0.0,0.0426,0.0346,0.0128,0.0085
0.0,2025-06-10,29.74,0.0,0.0426,0.0346,0.0128,0.0085
-0.14,2025-06-11,29.59,0.0,0.0426,0.0346,0.0128,0.0085
-0.16,2025-06-12,29.56,0.0,0.0426,0.0346,0.0128,0.0085
-0.15,2025-06-13,29.56,0.0,0.0426,0.0346,0.0128,0.0085
-0.12,2025-06-14,29.58,0.0,0.0426,0.0346,0.0128,0.0085
0.2,2025-06-15,29.91,0.0,0.0426,0.0346,0.0128,0.0085
0.22,2025-06-16,29.92,0.0,0.0426,0.0346,0.0128,0.0085
0.2,2025-06-17,29.88,0.0,0.0426,0.0346,0.0128,0.0085
0.04,2025-06-18,29.72,0.0,0.0426,0.0346,0.0128,0.0085
0.28,2025-06-19,29.94,0.0,0.0426,0.0346,0.0128,0.0085
0.38,2025-06-20,30.04,0.0,0.0426,0.0346,0.0128,0.0085
0.33,2025-06-21,29.98,0.0,0.0426,0.0346,0.0128,0.0085
0.35,2025-06-22,29.99,0.0,0.0426,0.0346,0.0128,0.0085
0.1,2025-06-23,29.72,0.0,0.0426,0.0346,0.0128,0.0085
-0.08,2025-06-24,29.54,0.0,0.0426,0.0346,0.0128,0.0085
0.08,2025-06-25,29.69,0.0,0.0426,0.0346,0.0128,0.0085
0.13,2025-06-26,29.73,0.0,0.0426,0.0346,0.0128,0.0085
0.42,2025-06-27,30.01,0.0,0.0426,0.0346,0.0128,0.0085
0.52,2025-06-28,30.1,0.0,0.0426,0.0346,0.0128,0.0085
0.55,2025-06-29,30.12,0.0,0.0426,0.0346,0.0128,0.0085
0.52,2025-06-30,30.08,0.0,0.0426,0.0346,0.0128,0.0085
0.49,2025-07-01,30.04,0.0,0.0426,0.0346,0.0128,0.0085
0.54,2025-07-02,30.08,0.0,0.0426,0.0346,0.0128,0.0085
0.61,2025-07-03,30.14,0.0,0.0426,0.0346,0.0128,0.0085
0.6,2025-07-04,30.13,0.0,0.0426,0.0346,0.0128,0.0085
0.5700000000000001,2025-07-05,30.08,0.0,0.0426,0.0346,0.0128,0.0085
0.52,2025-07-06,30.03,0.0,0.0426,0.0346,0.0128,0.0085
0.49,2025-07-07,29.99,0.0,0.0426,0.0346,0.0128,0.0085
0.54,2025-07-08,30.03,0.0,0.0426,0.0346,0.0128,0.0085
0.53,2025-07-09,30.0,0.0,0.0426,0.0346,0.0128,0.0085
0.52,2025-07-10,29.99,0.0,0.0426,0.0346,0.0128,0.0085
0.41,2025-07-11,29.87,0.0,0.0426,0.0346,0.0128,0.0085
0.36,2025-07-12,29.81,0.0,0.0426,0.0346,0.0128,0.0085
0.36,2025-07-13,29.8,0.0,0.0426,0.0346,0.0128,0.0085
0.4,2025-07-14,29.83,0.0,0.0426,0.0346,0.0128,0.0085
0.36,2025-07-15,29.78,0.0,0.0426,0.0346,0.0128,0.0085
0.47,2025-07-16,29.88,0.0,0.0426,0.0346,0.0128,0.0085
0.68,2025-07-17,30.08,0.0,0.0426,0.0346,0.0128,0.0085
0.56,2025-07-18,29.96,0.0,0.0426,0.0346,0.0128,0.0085
0.41,2025-07-19,29.8,0.0,0.0426,0.0346,0.0128,0.0085
0.39,2025-07-20,29.77,0.0,0.0426,0.0346,0.0128,0.0085
0.1,2025-07-21,29.48,0.0,0.0426,0.0346,0.0128,0.0085
0.56,2025-07-22,29.93,0.0,0.0426,0.0346,0.0128,0.0085
0.74,2025-07-23,30.1,0.0,0.0426,0.0346,0.0128,0.0085
0.8200000000000001,2025-07-24,30.17,0.0,0.0426,0.0346,0.0128,0.0085
0.8300000000000001,2025-07-25,30.18,0.0,0.0426,0.0346,0.0128,0.0085
0.77,2025-07-26,30.11,0.0,0.0426,0.0346,0.0128,0.0085
0.76,2025-07-27,30.1,0.0,0.0426,0.0346,0.0128,0.0085
0.81,2025-07-28,30.14,0.0,0.0426,0.0346,0.0128,0.0085
0.87,2025-07-29,30.2,0.0,0.0426,0.0346,0.0128,0.0085
0.93,2025-07-30,30.24,0.0,0.0426,0.0346,0.0128,0.0085
1.19,2025-07-31,30.5,0.027142857142857135,0.0426,0.0346,0.0128,0.0085
1.13,2025-08-01,30.44,0.04571428571428569,0.0426,0.0346,0.0128,0.0085
0.99,2025-08-02,30.28,0.04571428571428569,0.0426,0.0346,0.0128,0.0085
1.37,2025-08-03,30.67,0.09857142857142856,0.0426,0.0346,0.0128,0.0085
1.3,2025-08-04,30.58,0.14142857142857143,0.0426,0.0346,0.0128,0.0085
1.26,2025-08-05,30.54,0.17857142857142858,0.0426,0.0346,0.0128,0.0085
1.23,2025-08-06,30.5,0.21142857142857144,0.0426,0.0346,0.0128,0.0085
1.23,2025-08-07,30.49,0.24428571428571427,0.0426,0.0346,0.0128,0.0085
1.17,2025-08-08,30.43,0.26857142857142857,0.0426,0.0346,0.0128,0.0085
1.06,2025-08-09,30.31,0.27714285714285714,0.0426,0.0346,0.0128,0.0085
0.98,2025-08-10,30.23,0.27714285714285714,0.0426,0.0346,0.0128,0.0085
0.8200000000000001,2025-08-11,30.06,0.27714285714285714,0.0426,0.0346,0.0128,0.0085
0.67,2025-08-12,29.91,0.27714285714285714,0.0426,0.0346,0.0128,0.0085
0.64,2025-08-13,29.87,0.27714285714285714,0.0426,0.0346,0.0128,0.0085
0.68,2025-08-14,29.9,0.27714285714285714,0.0426,0.0346,0.0128,0.0085
0.71,2025-08-15,29.92,0.27714285714285714,0.0426,0.0346,0.0128,0.0085
0.7000000000000001,2025-08-16,29.91,0.27714285714285714,0.0426,0.0346,0.0128,0.0085
0.8200000000000001,2025-08-17,30.02,0.27714285714285714,0.0426,0.0346,0.0128,0.0085
0.93,2025-08-18,30.12,0.27714285714285714,0.0426,0.0346,0.0128,0.0085
0.99,2025-08-19,30.17,0.27714285714285714,0.0426,0.0346,0.0128,0.0085
1.03,2025-08-20,30.21,0.2814285714285714,0.0426,0.0346,0.0128,0.0085
0.91,2025-08-21,30.09,0.2814285714285714,0.0426,0.0346,0.0128,0.0085
0.71,2025-08-22,29.88,0.2814285714285714,0.0426,0.0346,0.0128,0.0085
0.7000000000000001,2025-08-23,29.87,0.2814285714285714,0.0426,0.0346,0.0128,0.0085
0.72,2025-08-24,29.88,0.2814285714285714,0.0426,0.0346,0.0128,0.0085
0.74,2025-08-25,29.89,0.2814285714285714,0.0426,0.0346,0.0128,0.0085
0.86,2025-08-26,30.01,0.2814285714285714,0.0426,0.0346,0.0128,0.0085
0.97,2025-08-27,30.11,0.2814285714285714,0.0426,0.0346,0.0128,0.0085
0.8200000000000001,2025-08-28,29.95,0.2814285714285714,0.0426,0.0346,0.0128,0.0085
0.71,2025-08-29,29.84,0.2814285714285714,0.0426,0.0346,0.0128,0.0085
0.59,2025-08-30,29.72,0.2814285714285714,0.0426,0.0346,0.0128,0.0085
0.5700000000000001,2025-08-31,29.69,0.2814285714285714,0.0426,0.0346,0.0128,0.0085
0.49,2025-09-01,29.6,0.2814285714285714,0.0426,0.0346,0.0128,0.0085
0.7000000000000001,2025-09-02,29.81,0.2814285714285714,0.0426,0.0346,0.0128,0.0085
0.63,2025-09-03,29.73,0.2814285714285714,0.0426,0.0346,0.0128,0.0085
0.48,2025-09-04,29.58,0.2814285714285714,0.0426,0.0346,0.0128,0.0085
0.41,2025-09-05,29.5,0.2814285714285714,0.0426,0.0346,0.0128,0.0085
0.32,2025-09-06,29.41,0.2814285714285714,0.0426,0.0346,0.0128,0.0085
0.35,2025-09-07,29.43,0.2814285714285714,0.0426,0.0346,0.0128,0.0085
0.52,2025-09-08,29.59,0.2814285714285714,0.0426,0.0346,0.0128,0.0085
0.51,2025-09-09,29.57,0.2814285714285714,0.0426,0.0346,0.0128,0.0085
0.06,2025-09-10,29.12,0.2814285714285714,0.0426,0.0346,0.0128,0.0085
0.19,2025-09-11,29.24,0.2814285714285714,0.0426,0.0346,0.0128,0.0085
0.14,2025-09-12,29.18,0.2814285714285714,0.0426,0.0346,0.0128,0.0085
0.4,2025-09-13,29.44,0.2814285714285714,0.0426,0.0346,0.0128,0.0085
0.45,2025-09-14,29.49,0.2814285714285714,0.0426,0.0346,0.0128,0.0085
0.44,2025-09-15,29.47,0.2814285714285714,0.0426,0.0346,0.0128,0.0085
0.5,2025-09-16,29.53,0.2814285714285714,0.0426,0.0346,0.0128,0.0085
0.29,2025-09-17,29.31,0.2814285714285714,0.0426,0.0346,0.0128,0.0085
0.17,2025-09-18,29.18,0.2814285714285714,0.0426,0.0346,0.0128,0.0085
0.38,2025-09-19,29.39,0.2814285714285714,0.0426,0.0346,0.0128,0.0085
0.39,2025-09-20,29.39,0.2814285714285714,0.0426,0.0346,0.0128,0.0085
0.48,2025-09-21,29.48,0.2814285714285714,0.0426,0.0346,0.0128,0.0085
0.46,2025-09-22,29.46,0.2814285714285714,0.0426,0.0346,0.0128,0.0085
0.63,2025-09-23,29.62,0.2814285714285714,0.0426,0.0346,0.0128,0.0085
0.02,2025-09-24,29.0,0.2814285714285714,0.0426,0.0346,0.0128,0.0085
0.2,2025-09-25,29.18,0.2814285714285714,0.0426,0.0346,0.0128,0.0085
0.7000000000000001,2025-09-26,29.68,0.2814285714285714,0.0426,0.0346,0.0128,0.0085
0.59,2025-09-27,29.56,0.2814285714285714,0.0426,0.0346,0.0128,0.0085
0.26,2025-09-28,29.22,0.2814285714285714,0.0426,0.0346,0.0128,0.0085
0.27,2025-09-29,29.22,0.2814285714285714,0.0426,0.0346,0.0128,0.0085
0.06,2025-09-30,29.01,0.2814285714285714,0.0426,0.0346,0.0128,0.0085
0.32,2025-10-01,29.27,0.2814285714285714,0.0426,0.0346,0.0128,0.0085
0.67,2025-10-02,29.61,0.2814285714285714,0.0426,0.0346,0.0128,0.0085
0.4,2025-10-03,29.34,0.2814285714285714,0.0426,0.0346,0.0128,0.0085
0.19,2025-10-04,29.12,0.2814285714285714,0.0426,0.0346,0.0128,0.0085
0.37,2025-10-05,29.3,0.2814285714285714,0.0426,0.0346,0.0128,0.0085
0.35,2025-10-06,29.27,0.2814285714285714,0.0426,0.0346,0.0128,0.0085
0.7000000000000001,2025-10-07,29.61,0.2814285714285714,0.0426,0.0346,0.0128,0.0085
0.54,2025-10-08,29.45,0.2814285714285714,0.0426,0.0346,0.0128,0.0085
-0.32,2025-10-09,28.58,0.2814285714285714,0.0426,0.0346,0.0128,0.0085
0.42,2025-10-10,29.32,0.2814285714285714,0.0426,0.0346,0.0128,0.0085
0.37,2025-10-11,29.27,0.2814285714285714,0.0426,0.0346,0.0128,0.0085
0.26,2025-10-12,29.14,0.2814285714285714,0.0426,0.0346,0.0128,0.0085
0.32,2025-10-13,29.21,0.2814285714285714,0.0426,0.0346,0.0128,0.0085
0.3,2025-10-14,29.17,0.2814285714285714,0.0426,0.0346,0.0128,0.0085
0.81,2025-10-15,29.68,0.2814285714285714,0.0426,0.0346,0.0128,0.0085
0.6,2025-10-16,29.47,0.2814285714285714,0.0426,0.0346,0.0128,0.0085
0.41,2025-10-17,29.27,0.2814285714285714,0.0426,0.0346,0.0128,0.0085
0.48,2025-10-18,29.34,0.2814285714285714,0.0426,0.0346,0.0128,0.0085
0.15,2025-10-19,29.0,0.2814285714285714,0.0426,0.0346,0.0128,0.0085
0.22,2025-10-20,29.06,0.2814285714285714,0.0426,0.0346,0.0128,0.0085
-0.02,2025-10-21,28.82,0.2814285714285714,0.0426,0.0346,0.0128,0.0085
-0.04,2025-10-22,28.79,0.2814285714285714,0.0426,0.0346,0.0128,0.0085
-0.05,2025-10-23,28.78,0.2542857142857143,0.0426,0.0346,0.0128,0.0085
0.43,2025-10-24,29.25,0.23571428571428574,0.0426,0.0346,0.0128,0.0085
0.5,2025-10-25,29.31,0.23571428571428574,0.0426,0.0346,0.0128,0.0085
0.46,2025-10-26,29.27,0.18285714285714286,0.0426,0.0346,0.0128,0.0085
0.44,2025-10-27,29.25,0.13999999999999999,0.0426,0.0346,0.0128,0.0085
0.56,2025-10-28,29.37,0.10285714285714286,0.0426,0.0346,0.0128,0.0085
0.48,2025-10-29,29.28,0.06999999999999999,0.0426,0.0346,0.0128,0.0085
0.45,2025-10-30,29.24,0.037142857142857144,0.0426,0.0346,0.0128,0.0085
0.51,2025-10-31,29.29,0.012857142857142869,0.0426,0.0346,0.0128,0.0085
0.49,2025-11-01,29.27,0.004285714285714289,0.0426,0.0346,0.0128,0.0085
0.39,2025-11-02,29.17,0.004285714285714289,0.0426,0.0346,0.0128,0.0085
0.35,2025-11-03,29.12,0.004285714285714289,0.0426,0.0346,0.0128,0.0085
0.38,2025-11-04,29.14,0.004285714285714289,0.0426,0.0346,0.0128,0.0085
0.31,2025-11-05,29.07,0.004285714285714289,0.0426,0.0346,0.0128,0.0085
0.22,2025-11-06,28.97,0.004285714285714289,0.0426,0.0346,0.0128,0.0085
-0.03,2025-11-07,28.72,0.004285714285714289,0.0426,0.0346,0.0128,0.0085
0.04,2025-11-08,28.79,0.004285714285714289,0.0426,0.0346,0.0128,0.0085
0.16,2025-11-09,28.9,0.004285714285714289,0.0426,0.0346,0.0128,0.0085
0.25,2025-11-10,28.98,0.004285714285714289,0.0426,0.0346,0.0128,0.0085
0.16,2025-11-11,28.89,0.004285714285714289,0.0426,0.0346,0.0128,0.0085
0.1,2025-11-12,28.82,0.0,0.0426,0.0346,0.0128,0.0085
0.42,2025-11-13,29.14,0.0,0.0426,0.0346,0.0128,0.0085
0.54,2025-11-14,29.25,0.0,0.0426,0.0346,0.0128,0.0085
0.53,2025-11-15,29.24,0.0,0.0426,0.0346,0.0128,0.0085
0.6,2025-11-16,29.3,0.0,0.0426,0.0346,0.0128,0.0085
0.43,2025-11-17,29.11,0.0,0.0426,0.0346,0.0128,0.0085
0.19,2025-11-18,28.86,0.0,0.0426,0.0346,0.0128,0.0085
0.13,2025-11-19,28.79,0.0,0.0426,0.0346,0.0128,0.0085
-0.21,2025-11-20,28.43,0.0,0.0426,0.0346,0.0128,0.0085
-0.04,2025-11-21,28.59,0.0,0.0426,0.0346,0.0128,0.0085
0.02,2025-11-22,28.63,0.0,0.0426,0.0346,0.0128,0.0085
0.06,2025-11-23,28.66,0.0,0.0426,0.0346,0.0128,0.0085
0.08,2025-11-24,28.67,0.0,0.0426,0.0346,0.0128,0.0085
-0.06,2025-11-25,28.51,0.0,0.0426,0.0346,0.0128,0.0085
-0.14,2025-11-26,28.42,0.0,0.0426,0.0346,0.0128,0.0085
-0.25,2025-11-27,28.3,0.0,0.0426,0.0346,0.0128,0.0085
-0.14,2025-11-28,28.4,0.0,0.0426,0.0346,0.0128,0.0085
-0.18,2025-11-29,28.35,0.0,0.0426,0.0346,0.0128,0.0085
-0.2,2025-11-30,28.31,0.0,0.0426,0.0346,0.0128,0.0085
-0.2,2025-12-01,28.29,0.0,0.0426,0.0346,0.0128,0.0085
-0.06,2025-12-02,28.42,0.0,0.0426,0.0346,0.0128,0.0085
-0.01,2025-12-03,28.46,0.0,0.0426,0.0346,0.0128,0.0085
0.09,2025-12-04,28.54,0.0,0.0426,0.0346,0.0128,0.0085
0.23,2025-12-05,28.67,0.0,0.0426,0.0346,0.0128,0.0085
0.23,2025-12-06,28.66,0.0,0.0426,0.0346,0.0128,0.0085
0.25,2025-12-07,28.66,0.0,0.0426,0.0346,0.0128,0.0085
0.16,2025-12-08,28.55,0.0,0.0426,0.0346,0.0128,0.0085
0.15,2025-12-09,28.54,0.0,0.0426,0.0346,0.0128,0.0085
0.24,2025-12-10,28.61,0.0,0.0426,0.0346,0.0128,0.0085
0.27,2025-12-11,28.63,0.0,0.0426,0.0346,0.0128,0.0085
0.37,2025-12-12,28.71,0.0,0.0426,0.0346,0.0128,0.0085
0.27,2025-12-13,28.6,0.0,0.0426,0.0346,0.0128,0.0085
0.24,2025-12-14,28.56,0.0,0.0426,0.0346,0.0128,0.0085
0.31,2025-12-15,28.62,0.0,0.0426,0.0346,0.0128,0.0085
0.39,2025-12-16,28.68,0.0,0.0426,0.0346,0.0128,0.0085
0.54,2025-12-17,28.82,0.0,0.0426,0.0346,0.0128,0.0085
0.63,2025-12-18,28.91,0.0,0.0426,0.0346,0.0128,0.0085
0.55,2025-12-19,28.81,0.0,0.0426,0.0346,0.0128,0.0085
0.5,2025-12-20,28.75,0.0,0.0426,0.0346,0.0128,0.0085
0.45,2025-12-21,28.7,0.0,0.0426,0.0346,0.0128,0.0085
0.42,2025-12-22,28.66,0.0,0.0426,0.0346,0.0128,0.0085
0.5,2025-12-23,28.73,0.0,0.0426,0.0346,0.0128,0.0085
0.71,2025-12-24,28.94,0.0,0.0426,0.0346,0.0128,0.0085
0.73,2025-12-25,28.94,0.0,0.0426,0.0346,0.0128,0.0085
0.48,2025-12-26,28.68,0.0,0.0426,0.0346,0.0128,0.0085
0.25,2025-12-27,28.44,0.0,0.0426,0.0346,0.0128,0.0085
0.67,2025-12-28,28.85,0.0,0.0426,0.0346,0.0128,0.0085
0.79,2025-12-29,28.97,0.0,0.0426,0.0346,0.0128,0.0085
0.67,2025-12-30,28.84,0.0,0.0426,0.0346,0.0128,0.0085
0.99,2025-12-31,29.16,0.0,0.0426,0.0346,0.0128,0.0085
0.94,2026-01-01,29.09,0.0,0.0426,0.0346,0.0128,0.0085
0.87,2026-01-02,29.02,0.0,0.0426,0.0346,0.0128,0.0085
0.72,2026-01-03,28.86,0.0,0.0426,0.0346,0.0128,0.0085
0.67,2026-01-04,28.79,0.0,0.0426,0.0346,0.0128,0.0085
0.5700000000000001,2026-01-05,28.69,0.0,0.0426,0.0346,0.0128,0.0085
0.55,2026-01-06,28.66,0.0,0.0426,0.0346,0.0128,0.0085
0.31,2026-01-07,28.41,0.0,0.0426,0.0346,0.0128,0.0085
0.38,2026-01-08,28.47,0.0,0.0426,0.0346,0.0128,0.0085
0.35,2026-01-09,28.43,0.0,0.0426,0.0346,0.0128,0.0085
0.31,2026-01-10,28.38,0.0,0.0426,0.0346,0.0128,0.0085
0.32,2026-01-11,28.39,0.0,0.0426,0.0346,0.0128,0.0085
0.35,2026-01-12,28.4,0.0,0.0426,0.0346,0.0128,0.0085
0.4,2026-01-13,28.45,0.0,0.0426,0.0346,0.0128,0.0085
0.44,2026-01-14,28.48,0.0,0.0426,0.0346,0.0128,0.0085
0.55,2026-01-15,28.58,0.0,0.0426,0.0346,0.0128,0.0085
0.6900000000000001,2026-01-16,28.71,0.0,0.0426,0.0346,0.0128,0.0085
0.75,2026-01-17,28.79,0.0,0.0426,0.0346,0.0128,0.0085
0.71,2026-01-18,28.76,0.0,0.0426,0.0346,0.0128,0.0085
0.61,2026-01-19,28.66,0.0,0.0426,0.0346,0.0128,0.0085
0.42,2026-01-20,28.49,0.0,0.0426,0.0346,0.0128,0.0085
0.52,2026-01-21,28.6,0.0,0.0426,0.0346,0.0128,0.0085
0.55,2026-01-22,28.64,0.0,0.0426,0.0346,0.0128,0.0085
0.53,2026-01-23,28.63,0.0,0.0426,0.0346,0.0128,0.0085
0.5,2026-01-24,28.61,0.0,0.0426,0.0346,0.0128,0.0085
0.3,2026-01-25,28.42,0.0,0.0426,0.0346,0.0128,0.0085
0.63,2026-01-26,28.77,0.0,0.0426,0.0346,0.0128,0.0085
0.6900000000000001,2026-01-27,28.84,0.0,0.0426,0.0346,0.0128,0.0085
0.67,2026-01-28,28.83,0.0,0.0426,0.0346,0.0128,0.0085
0.64,2026-01-29,28.8,0.0,0.0426,0.0346,0.0128,0.0085
0.7000000000000001,2026-01-30,28.88,0.0,0.0426,0.0346,0.0128,0.0085
0.73,2026-01-31,28.92,0.0,0.0426,0.0346,0.0128,0.0085
0.66,2026-02-01,28.86,0.0,0.0426,0.0346,0.0128,0.0085
0.49,2026-02-02,28.7,0.0,0.0426,0.0346,0.0128,0.0085
0.46,2026-02-03,28.68,0.0,0.0426,0.0346,0.0128,0.0085
0.52,2026-02-04,28.75,0.0,0.0426,0.0346,0.0128,0.0085
0.56,2026-02-05,28.8,0.0,0.0426,0.0346,0.0128,0.0085
0.64,2026-02-06,28.89,0.0,0.0426,0.0346,0.0128,0.0085
0.62,2026-02-07,28.88,0.0,0.0426,0.0346,0.0128,0.0085
0.67,2026-02-08,28.95,0.0,0.0426,0.0346,0.0128,0.0085
0.61,2026-02-09,28.89,0.0,0.0426,0.0346,0.0128,0.0085
0.62,2026-02-10,28.91,0.0,0.0426,0.0346,0.0128,0.0085
0.62,2026-02-11,28.93,0.0,0.0426,0.0346,0.0128,0.0085
0.6900000000000001,2026-02-12,29.01,0.0,0.0426,0.0346,0.0128,0.0085
0.7000000000000001,2026-02-13,29.03,0.0,0.0426,0.0346,0.0128,0.0085
0.64,2026-02-14,28.98,0.0,0.0426,0.0346,0.0128,0.0085
0.6900000000000001,2026-02-15,29.04,0.0,0.0426,0.0346,0.0128,0.0085
0.58,2026-02-16,28.95,0.0,0.0426,0.0346,0.0128,0.0085
0.45,2026-02-17,28.85,0.0,0.0426,0.0346,0.0128,0.0085
0.49,2026-02-18,28.91,0.0,0.0426,0.0346,0.0128,0.0085
0.3,2026-02-19,28.74,0.0,0.0426,0.0346,0.0128,0.0085
0.1,2026-02-20,28.57,0.0,0.0426,0.0346,0.0128,0.0085
0.12,2026-02-21,28.6,0.0,0.0426,0.0346,0.0128,0.0085
0.21,2026-02-22,28.72,0.0,0.0426,0.0346,0.0128,0.0085
0.12,2026-02-23,28.64,0.0,0.0426,0.0346,0.0128,0.0085
0.39,2026-02-24,28.94,0.0,0.0426,0.0346,0.0128,0.0085
0.64,2026-02-25,29.21,0.0,0.0426,0.0346,0.0128,0.0085
0.61,2026-02-26,29.21,0.0,0.0426,0.0346,0.0128,0.0085
0.89,2026-02-27,29.5,0.0,0.0426,0.0346,0.0128,0.0085
0.97,2026-02-28,29.61,0.0,0.0426,0.0346,0.0128,0.0085
1.09,2026-03-01,29.74,0.012857142857142869,0.0426,0.0346,0.0128,0.0085
1.12,2026-03-02,29.8,0.030000000000000027,0.0426,0.0346,0.0128,0.0085
1.17,2026-03-03,29.88,0.054285714285714305,0.0426,0.0346,0.0128,0.0085
1.1,2026-03-04,29.83,0.0685714285714286,0.0426,0.0346,0.0128,0.0085
1.0,2026-03-05,29.74,0.0685714285714286,0.0426,0.0346,0.0128,0.0085
0.89,2026-03-06,29.65,0.0685714285714286,0.0426,0.0346,0.0128,0.0085
0.97,2026-03-07,29.76,0.0685714285714286,0.0426,0.0346,0.0128,0.0085
0.96,2026-03-08,29.77,0.0685714285714286,0.0426,0.0346,0.0128,0.0085
0.93,2026-03-09,29.76,0.0685714285714286,0.0426,0.0346,0.0128,0.0085
0.93,2026-03-10,29.78,0.0685714285714286,0.0426,0.0346,0.0128,0.0085
0.94,2026-03-11,29.81,0.0685714285714286,0.0426,0.0346,0.0128,0.0085
0.84,2026-03-12,29.73,0.0685714285714286,0.0426,0.0346,0.0128,0.0085
0.71,2026-03-13,29.62,0.0685714285714286,0.0426,0.0346,0.0128,0.0085
0.78,2026-03-14,29.72,0.0685714285714286,0.0426,0.0346,0.0128,0.0085
0.87,2026-03-15,29.83,0.0685714285714286,0.0426,0.0346,0.0128,0.0085
0.84,2026-03-16,29.83,0.0685714285714286,0.0426,0.0346,0.0128,0.0085
0.8300000000000001,2026-03-17,29.83,0.0685714285714286,0.0426,0.0346,0.0128,0.0085
0.79,2026-03-18,29.82,0.0685714285714286,0.0426,0.0346,0.0128,0.0085
0.92,2026-03-19,29.97,0.0685714285714286,0.0426,0.0346,0.0128,0.0085
0.87,2026-03-20,29.95,0.0685714285714286,0.0426,0.0346,0.0128,0.0085
0.94,2026-03-21,30.04,0.0685714285714286,0.0426,0.0346,0.0128,0.0085
0.95,2026-03-22,30.07,0.0685714285714286,0.0426,0.0346,0.0128,0.0085
0.95,2026-03-23,30.1,0.0685714285714286,0.0426,0.0346,0.0128,0.0085
1.05,2026-03-24,30.22,0.07571428571428575,0.0426,0.0346,0.0128,0.0085
1.07,2026-03-25,30.26,0.08571428571428576,0.0426,0.0346,0.0128,0.0085
0.99,2026-03-26,30.21,0.08571428571428576,0.0426,0.0346,0.0128,0.0085
0.89,2026-03-27,30.14,0.08571428571428576,0.0426,0.0346,0.0128,0.0085
0.85,2026-03-28,30.12,0.08571428571428576,0.0426,0.0346,0.0128,0.0085
0.95,2026-03-29,30.24,0.08571428571428576,0.0426,0.0346,0.0128,0.0085
0.93,2026-03-30,30.24,0.08571428571428576,0.0426,0.0346,0.0128,0.0085
0.97,2026-03-31,30.31,0.08571428571428576,0.0426,0.0346,0.0128,0.0085
1.08,2026-04-01,30.44,0.0971428571428572,0.0426,0.0346,0.0128,0.0085
1.22,2026-04-02,30.61,0.12857142857142861,0.0426,0.0346,0.0128,0.0085
1.23,2026-04-03,30.65,0.16142857142857148,0.0426,0.0346,0.0128,0.0085
1.2,2026-04-04,30.63,0.19000000000000003,0.0426,0.0346,0.0128,0.0085
1.14,2026-04-05,30.6,0.21000000000000002,0.0426,0.0346,0.0128,0.0085
1.07,2026-04-06,30.55,0.22000000000000003,0.0426,0.0346,0.0128,0.0085
1.04,2026-04-07,30.54,0.22571428571428576,0.0426,0.0346,0.0128,0.0085
0.91,2026-04-08,30.44,0.22571428571428576,0.0426,0.0346,0.0128,0.0085
0.74,2026-04-09,30.3,0.22571428571428576,0.0426,0.0346,0.0128,0.0085
0.61,2026-04-10,30.19,0.22571428571428576,0.0426,0.0346,0.0128,0.0085
0.9,2026-04-11,30.5,0.22571428571428576,0.0426,0.0346,0.0128,0.0085
1.2,2026-04-12,30.82,0.25428571428571434,0.0426,0.0346,0.0128,0.0085
1.14,2026-04-13,30.79,0.2742857142857143,0.0426,0.0346,0.0128,0.0085
1.06,2026-04-14,30.74,0.28285714285714286,0.0426,0.0346,0.0128,0.0085
1.13,2026-04-15,30.82,0.3014285714285715,0.0426,0.0346,0.0128,0.0085
1.16,2026-04-16,30.87,0.3242857142857143,0.0426,0.0346,0.0128,0.0085
1.4,2026-04-17,31.11,0.3814285714285714,0.0426,0.0346,0.0128,0.0085
1.44,2026-04-18,31.16,0.4442857142857143,0.0426,0.0346,0.0128,0.0085
1.63,2026-04-19,31.36,0.5342857142857143,0.0426,0.0346,0.0128,0.0085
1.7,2026-04-20,31.43,0.6342857142857142,0.0426,0.0346,0.0128,0.0085
1.66,2026-04-21,31.4,0.7285714285714285,0.0426,0.0346,0.0128,0.0085
1.77,2026-04-22,31.51,0.8385714285714284,0.0426,0.0346,0.0128,0.0085
1.81,2026-04-23,31.56,0.9542857142857143,0.0426,0.0346,0.0128,0.0085
1.81,2026-04-24,31.57,1.07,0.0426,0.0346,0.0128,0.0085
1.87,2026-04-25,31.63,1.1942857142857142,0.0426,0.0346,0.0128,0.0085
2.02,2026-04-26,31.79,1.3399999999999999,0.0426,0.0346,0.0128,0.0085
1.86,2026-04-27,31.64,1.4628571428571429,0.0426,0.0346,0.0128,0.0085
1.65,2026-04-28,31.43,1.5557142857142858,0.0426,0.0346,0.0128,0.0085
1.77,2026-04-29,31.56,1.6657142857142857,0.0426,0.0346,0.0128,0.0085
1.67,2026-04-30,31.47,1.7614285714285713,0.0426,0.0346,0.0128,0.0085
1.38,2026-05-01,31.18,1.8157142857142856,0.0426,0.0346,0.0128,0.0085
1.5,2026-05-02,31.3,1.887142857142857,0.0426,0.0346,0.0128,0.0085
1.48,2026-05-03,31.29,1.9557142857142857,0.0426,0.0346,0.0128,0.0085
1.53,2026-05-04,31.34,2.031428571428571,0.0426,0.0346,0.0128,0.0085
1.44,2026-05-05,31.26,2.0942857142857143,0.0426,0.0346,0.0128,0.0085
1.7,2026-05-06,31.53,2.1942857142857144,0.0426,0.0346,0.0128,0.0085
1.2,2026-05-07,31.03,2.222857142857143,0.0426,0.0346,0.0128,0.0085
1.2,2026-05-08,31.04,2.2514285714285713,0.0426,0.0346,0.0128,0.0085
1.29,2026-05-09,31.13,2.292857142857143,0.0426,0.0346,0.0128,0.0085
1.12,2026-05-10,30.97,2.3099999999999996,0.0426,0.0346,0.0128,0.0085
1.41,2026-05-11,31.26,2.3685714285714283,0.0426,0.0346,0.0128,0.0085
1.47,2026-05-12,31.34,2.435714285714286,0.0426,0.0346,0.0128,0.0085
1.47,2026-05-13,31.34,2.5028571428571427,0.0426,0.0346,0.0128,0.0085
1.23,2026-05-14,31.11,2.5357142857142856,0.0426,0.0346,0.0128,0.0085
1.55,2026-05-15,31.43,2.6142857142857143,0.0426,0.0346,0.0128,0.0085
1.67,2026-05-16,31.56,2.71,0.0426,0.0346,0.0128,0.0085
1.52,2026-05-17,31.4,2.7842857142857143,0.0426,0.0346,0.0128,0.0085
1.43,2026-05-18,31.3,2.8457142857142856,0.0426,0.0346,0.0128,0.0085
1.4,2026-05-19,31.26,2.902857142857143,0.0426,0.0346,0.0128,0.0085
0.9,2026-05-20,30.76,2.902857142857143,0.0426,0.0346,0.0128,0.0085
0.87,2026-05-21,30.73,2.902857142857143,0.0426,0.0346,0.0128,0.0085
0.91,2026-05-22,30.76,2.902857142857143,0.0426,0.0346,0.0128,0.0085
0.79,2026-05-23,30.63,2.902857142857143,0.0426,0.0346,0.0128,0.0085
0.64,2026-05-24,30.47,2.89,0.0426,0.0346,0.0128,0.0085
0.67,2026-05-25,30.5,2.8728571428571428,0.0426,0.0346,0.0128,0.0085
0.56,2026-05-26,30.38,2.8485714285714288,0.0426,0.0346,0.0128,0.0085
0.51,2026-05-27,30.33,2.834285714285714,0.0426,0.0346,0.0128,0.0085
0.45,2026-05-28,30.26,2.834285714285714,0.0426,0.0346,0.0128,0.0085
0.34,2026-05-29,30.15,2.834285714285714,0.0426,0.0346,0.0128,0.0085
0.41,2026-05-30,30.21,2.834285714285714,0.0426,0.0346,0.0128,0.0085
0.73,2026-05-31,30.52,2.834285714285714,0.0426,0.0346,0.0128,0.0085
0.8,2026-06-01,30.59,2.834285714285714,0.0426,0.0346,0.0128,0.0085
0.84,2026-06-02,30.62,2.834285714285714,0.0426,0.0346,0.0128,0.0085
0.28,2026-06-03,30.06,2.834285714285714,0.0426,0.0346,0.0128,0.0085
0.09,2026-06-04,29.86,2.834285714285714,0.0426,0.0346,0.0128,0.0085
0.06,2026-06-05,29.82,2.834285714285714,0.0426,0.0346,0.0128,0.0085
0.26,2026-06-06,30.02,2.834285714285714,0.0426,0.0346,0.0128,0.0085
0.4,2026-06-07,30.15,2.834285714285714,0.0426,0.0346,0.0128,0.0085
0.61,2026-06-08,30.35,2.834285714285714,0.0426,0.0346,0.0128,0.0085
0.56,2026-06-09,30.3,2.834285714285714,0.0426,0.0346,0.0128,0.0085
0.35,2026-06-10,30.08,2.834285714285714,0.0426,0.0346,0.0128,0.0085
0.28,2026-06-11,30.01,2.834285714285714,0.0426,0.0346,0.0128,0.0085
0.56,2026-06-12,30.28,2.834285714285714,0.0426,0.0346,0.0128,0.0085
0.72,2026-06-13,30.44,2.834285714285714,0.0426,0.0346,0.0128,0.0085
0.75,2026-06-14,30.46,2.834285714285714,0.0426,0.0346,0.0128,0.0085
0.79,2026-06-15,30.49,2.834285714285714,0.0426,0.0346,0.0128,0.0085
0.7000000000000001,2026-06-16,30.4,2.827142857142857,0.0426,0.0346,0.0128,0.0085
0.5700000000000001,2026-06-17,30.26,2.817142857142857,0.0426,0.0346,0.0128,0.0085
0.6,2026-06-18,30.28,2.817142857142857,0.0426,0.0346,0.0128,0.0085
0.72,2026-06-19,30.39,2.817142857142857,0.0426,0.0346,0.0128,0.0085
0.84,2026-06-20,30.5,2.817142857142857,0.0426,0.0346,0.0128,0.0085
0.84,2026-06-21,30.48,2.817142857142857,0.0426,0.0346,0.0128,0.0085
0.86,2026-06-22,30.5,2.817142857142857,0.0426,0.0346,0.0128,0.0085
0.79,2026-06-23,30.42,2.817142857142857,0.0426,0.0346,0.0128,0.0085
0.7000000000000001,2026-06-24,30.32,2.8057142857142856,0.0426,0.0346,0.0128,0.0085
0.63,2026-06-25,30.24,2.7742857142857145,0.0426,0.0346,0.0128,0.0085
0.63,2026-06-26,30.22,2.7414285714285715,0.0426,0.0346,0.0128,0.0085
0.55,2026-06-27,30.14,2.7128571428571426,0.0426,0.0346,0.0128,0.0085
0.55,2026-06-28,30.13,2.692857142857143,0.0426,0.0346,0.0128,0.0085
0.34,2026-06-29,29.91,2.682857142857143,0.0426,0.0346,0.0128,0.0085
0.58,2026-06-30,30.14,2.677142857142857,0.0426,0.0346,0.0128,0.0085
0.58,2026-07-01,30.13,2.677142857142857,0.0426,0.0346,0.0128,0.0085
0.18,2026-07-02,29.72,2.677142857142857,0.0426,0.0346,0.0128,0.0085
0.4,2026-07-03,29.93,2.677142857142857,0.0426,0.0346,0.0128,0.0085
0.7000000000000001,2026-07-04,30.23,2.677142857142857,0.0426,0.0346,0.0128,0.0085
0.8300000000000001,2026-07-05,30.34,2.6485714285714286,0.0426,0.0346,0.0128,0.0085
0.46,2026-07-06,29.96,2.6285714285714286,0.0426,0.0346,0.0128,0.0085
0.58,2026-07-07,30.07,2.62,0.0426,0.0346,0.0128,0.0085
1.0,2026-07-08,30.49,2.6014285714285714,0.0426,0.0346,0.0128,0.0085
1.13,2026-07-09,30.61,2.597142857142857,0.0426,0.0346,0.0128,0.0085
1.14,2026-07-10,30.61,2.56,0.0426,0.0346,0.0128,0.0085
1.15,2026-07-11,30.61,2.5185714285714282,0.0426,0.0346,0.0128,0.0085
1.15,2026-07-12,30.6,2.45,0.0426,0.0346,0.0128,0.0085
1.12,2026-07-13,30.55,2.3671428571428565,0.0426,0.0346,0.0128,0.0085
0.97,2026-07-14,30.4,2.2728571428571427,0.0426,0.0346,0.0128,0.0085
0.77,2026-07-15,30.19,2.162857142857143,0.0426,0.0346,0.0128,0.0085
1.0,2026-07-16,30.41,2.047142857142857,0.0426,0.0346,0.0128,0.0085
1.0,2026-07-17,30.4,1.9314285714285713,0.0426,0.0346,0.0128,0.0085
1.09,2026-07-18,30.49,1.82,0.0426,0.0346,0.0128,0.0085
1.14,2026-07-19,30.53,1.694285714285714,0.0426,0.0346,0.0128,0.0085
1.38,2026-07-20,30.77,1.6257142857142857,0.0426,0.0346,0.0128,0.0085
1.26,2026-07-21,30.64,1.5699999999999998,0.0426,0.0346,0.0128,0.0085
1.36,2026-07-22,30.74,1.5114285714285711,0.0426,0.0346,0.0128,0.0085
1.35,2026-07-23,30.72,1.4657142857142857,0.0426,0.0346,0.0128,0.0085
1.22,2026-07-24,30.58,1.4428571428571428,0.0426,0.0346,0.0128,0.0085
1.1,2026-07-25,30.45,1.3857142857142857,0.0426,0.0346,0.0128,0.0085
1.24,2026-07-26,30.59,1.3514285714285712,0.0426,0.0346,0.0128,0.0085
1.11,2026-07-27,30.45,1.2914285714285716,0.0426,0.0346,0.0128,0.0085
1.24,2026-07-28,30.57,1.262857142857143,0.0426,0.0346,0.0128,0.0085
0.95,2026-07-29,30.28,1.162857142857143,0.0426,0.0346,0.0128,0.0085
0.85,2026-07-30,30.16,1.1342857142857141,0.0426,0.0346,0.0128,0.0085
0.95,2026-07-31,30.26,1.1057142857142856,0.0426,0.0346,0.0128,0.0085
1.0,2026-08-01,30.3,1.0642857142857143,0.0426,0.0346,0.0128,0.0085
0.94,2026-08-02,30.24,1.047142857142857,0.0426,0.0346,0.0128,0.0085
0.88,2026-08-03,30.17,0.9885714285714285,0.0426,0.0346,0.0128,0.0085
0.76,2026-08-04,30.05,0.9214285714285714,0.0426,0.0346,0.0128,0.0085
1.13,2026-08-05,30.41,0.8728571428571428,0.0426,0.0346,0.0128,0.0085
1.27,2026-08-06,30.54,0.8785714285714284,0.0426,0.0346,0.0128,0.0085
1.27,2026-08-07,30.54,0.8385714285714284,0.0426,0.0346,0.0128,0.0085
1.3,2026-08-08,30.56,0.7857142857142857,0.0426,0.0346,0.0128,0.0085
1.53,2026-08-09,30.78,0.7871428571428571,0.0426,0.0346,0.0128,0.0085
1.43,2026-08-10,30.67,0.7871428571428571,0.0426,0.0346,0.0128,0.0085
1.38,2026-08-11,30.62,0.7842857142857144,0.0426,0.0346,0.0128,0.0085
1.35,2026-08-12,30.58,0.8342857142857143,0.0426,0.0346,0.0128,0.0085
1.27,2026-08-13,30.5,0.8728571428571428,0.0426,0.0346,0.0128,0.0085
1.2,2026-08-14,30.42,0.9014285714285714,0.0426,0.0346,0.0128,0.0085
1.21,2026-08-15,30.42,0.9314285714285714,0.0426,0.0346,0.0128,0.0085
1.2,2026-08-16,30.41,0.96,0.0426,0.0346,0.0128,0.0085
1.28,2026-08-17,30.48,1.0,0.0426,0.0346,0.0128,0.0085
1.23,2026-08-18,30.43,1.0328571428571427,0.0426,0.0346,0.0128,0.0085
1.15,2026-08-19,30.33,1.0542857142857143,0.0426,0.0346,0.0128,0.0085
0.99,2026-08-20,30.17,1.0542857142857143,0.0426,0.0346,0.0128,0.0085
1.1,2026-08-21,30.28,1.0685714285714285,0.0426,0.0346,0.0128,0.0085
1.29,2026-08-22,30.47,1.1099999999999999,0.0426,0.0346,0.0128,0.0085
1.5,2026-08-23,30.67,1.1814285714285713,0.0426,0.0346,0.0128,0.0085
1.36,2026-08-24,30.51,1.2328571428571427,0.0426,0.0346,0.0128,0.0085
1.22,2026-08-25,30.38,1.2642857142857142,0.0426,0.0346,0.0128,0.0085
1.28,2026-08-26,30.43,1.304285714285714,0.0426,0.0346,0.0128,0.0085
1.3,2026-08-27,30.44,1.3471428571428572,0.0426,0.0346,0.0128,0.0085
1.29,2026-08-28,30.43,1.3885714285714286,0.0426,0.0346,0.0128,0.0085
1.14,2026-08-29,30.27,1.4085714285714286,0.0426,0.0346,0.0128,0.0085
1.14,2026-08-30,30.27,1.4285714285714286,0.0426,0.0346,0.0128,0.0085
1.23,2026-08-31,30.35,1.4614285714285715,0.0426,0.0346,0.0128,0.0085
1.47,2026-09-01,30.58,1.5285714285714285,0.0426,0.0346,0.0128,0.0085
1.41,2026-09-02,30.52,1.587142857142857,0.0426,0.0346,0.0128,0.0085
1.22,2026-09-03,30.32,1.6185714285714285,0.0426,0.0346,0.0128,0.0085
1.34,2026-09-04,30.43,1.667142857142857,0.0426,0.0346,0.0128,0.0085
1.55,2026-09-05,30.64,1.7457142857142856,0.0426,0.0346,0.0128,0.0085
1.47,2026-09-06,30.55,1.8128571428571427,0.0426,0.0346,0.0128,0.0085
1.51,2026-09-07,30.59,1.8857142857142857,0.0426,0.0346,0.0128,0.0085
1.93,2026-09-08,31.0,2.0185714285714282,0.0426,0.0346,0.0128,0.0085
1.58,2026-09-09,30.65,2.1014285714285714,0.0426,0.0346,0.0128,0.0085
1.73,2026-09-10,30.79,2.2057142857142855,0.0426,0.0346,0.0128,0.0085
1.76,2026-09-11,30.82,2.314285714285714,0.0426,0.0346,0.0128,0.0085
1.58,2026-09-12,30.63,2.3971428571428572,0.0426,0.0346,0.0128,0.0085
1.5,2026-09-13,30.55,2.468571428571429,0.0426,0.0346,0.0128,0.0085
1.37,2026-09-14,30.41,2.5214285714285714,0.0426,0.0346,0.0128,0.0085
