anom,date,sst,dhw,blue,green,red,nir
-1.31,2023-01-01,27.487897407907447,0.0,0.06872700594236812,0.08102431045350877,0.0735366155952917,0.24017740285462286
-1.36,2023-01-02,27.43796812684629,0.0,0.09753571532049579,0.07932191310721273,0.06802203154902199,0.1703472742497596
-1.12,2023-01-03,27.673515102273,0.0,0.08659969709057025,0.10897922367833769,0.04554947346067405,0.15669736120252714
-1.19,2023-01-04,27.60905716381264,0.0,0.07993292420985183,0.08750626295833651,0.06235277719032127,0.23773504531328385
-1.04,2023-01-05,27.757795301064927,0.0,0.057800932022121825,0.07289213382816981,0.06301791356009631,0.18894049389788753
-1.08,2023-01-06,27.71266174274676,0.0,0.05779972601681013,0.11845513150704055,0.0832281804761335,0.2041760964267564
-1.38,2023-01-07,27.414027912484386,0.0,0.05290418060840997,0.11418929424817129,0.06733241100938941,0.24680658120507587
-1.4,2023-01-08,27.393533722122843,0.0,0.09330880728874676,0.11638761415976064,0.05902002744852048,0.15665647279142228
-1.4,2023-01-09,27.39699478390481,0.0,0.08005575058716044,0.11974539113232177,0.08884001642553296,0.2148318007452096
-1.07,2023-01-10,27.723578769362945,0.0,0.08540362888980228,0.07869476246097437,0.04553602966631578,0.1574105422574867
-1.26,2023-01-11,27.538148313040367,0.0,0.05102922471479012,0.08981210094513294,0.06112742141559723,0.18754689284665002
-1.17,2023-01-12,27.62846240205024,0.0,0.09849549260809973,0.10791192378520456,0.042101233758570264,0.2303814545193447
-1.35,2023-01-13,27.44623940653711,0.0,0.09162213204002108,0.10480103090268961,0.0769952060383465,0.19334722327556345
-1.23,2023-01-14,27.568424314802524,0.0,0.0606169555339138,0.07769479531699276,0.08590382760995753,0.249718235390295
-1.43,2023-01-15,27.36458647481697,0.0,0.05909124836035503,0.11079165624953088,0.05400186647752447,0.2059059284946602
-1.36,2023-01-16,27.43792391779253,0.0,0.059170225492671695,0.08122202859183303,0.08291708383995605,0.18211621526359537
-1.23,2023-01-17,27.569335121290628,0.0,0.06521211214797688,0.08119088074113115,0.054610911523094885,0.17201113259047532
-1.1,2023-01-18,27.69767600991185,0.0,0.0762378215816119,0.09684872114467069,0.08553850808219576,0.18505205342861616
-1.25,2023-01-19,27.546458198018183,0.0,0.0715972509321058,0.09964699674208516,0.0776980951798392,0.1872533273759551
-1.29,2023-01-20,27.507675170438244,0.0,0.0645614570099021,0.09900431039189056,0.08024533884207193,0.1568713677723961
-1.15,2023-01-21,27.643420450893554,0.0,0.08059264473611898,0.07457434186988775,0.04090032778002272,0.18695741994267728
-1.37,2023-01-22,27.42216059799632,0.0,0.05697469303260209,0.11387304313151898,0.08814051785370129,0.1964238519739225
-1.21,2023-01-23,27.58967633624652,0.0,0.0646072324267609,0.0832800021294353,0.07633354960351617,0.22227377522388048
-1.0,2023-01-24,27.80067107391373,0.0,0.06831809216468458,0.0764757460641402,0.05523755476930667,0.2156729484721608
-1.24,2023-01-25,27.555077238606305,0.0,0.07280349921085179,0.11443740399344886,0.08146973324294235,0.22087656552291543
-1.15,2023-01-26,27.64861513956228,0.0,0.08925879806965067,0.11778257491148764,0.0540760599207465,0.1508363681876857
-1.32,2023-01-27,27.47708052281248,0.0,0.05998368910791799,0.11310638086327252,0.0836376919783064,0.1717667399580536
-1.18,2023-01-28,27.61273088047352,0.0,0.07571172192068058,0.11047580373624391,0.04562901952059685,0.21616842883998566
-0.89,2023-01-29,27.902181628536063,0.0,0.07962072844310213,0.10276209903195109,0.07518429887303978,0.1983989368179747
-1.25,2023-01-30,27.54179303368578,0.0,0.05232252063599989,0.09754286853045696,0.06703492383224552,0.1505313475668346
-1.16,2023-01-31,27.633664638693062,0.0,0.08037724259507192,0.07434933799557052,0.04482672350977204,0.23044946424318222
-1.03,2023-02-01,27.761757265959712,0.0,0.05852620618436458,0.09042266065353492,0.05209469141294195,0.2272809573290337
-0.98,2023-02-02,27.81516621941219,0.0,0.05325257964926398,0.08863442585061569,0.04062020181386574,0.20484191629935627
-1.0,2023-02-03,27.79555111358938,0.0,0.09744427686266666,0.08298768918801631,0.06343839827322528,0.1566463325776272
-1.29,2023-02-04,27.50426496887141,0.0,0.09828160165372796,0.10617100568442925,0.055063263038000014,0.22665150495325848
-1.07,2023-02-05,27.7259678580546,0.0,0.09041986740582306,0.09479378675393854,0.06991787421488793,0.2083713587731364
-1.08,2023-02-06,27.711885621773785,0.0,0.06523068845866853,0.0740523107953824,0.054861890385430864,0.2281959977157959
-1.03,2023-02-07,27.76774803243862,0.0,0.054883605700319193,0.08100916009749057,0.05499595557534924,0.22517469923958405
-1.01,2023-02-08,27.78241989981096,0.0,0.08421165132560784,0.1041629381829798,0.07715965993658017,0.2303002071957837
-1.07,2023-02-09,27.72834051823544,0.0,0.07200762468698006,0.07380654297451501,0.04240714179891767,0.2018008066404625
-1.21,2023-02-10,27.58192321607829,0.0,0.05610191174223894,0.11256034570243843,0.08514474975959936,0.1640324518193515
-1.22,2023-02-11,27.5812335962665,0.0,0.07475884550556351,0.09475732635069872,0.08261319371955908,0.21711574733796887
-1.06,2023-02-12,27.73453494417661,0.0,0.051719426055760916,0.0940293288663324,0.07339023416132033,0.21204737850519706
-0.94,2023-02-13,27.85172619971092,0.0,0.0954660201039391,0.09962038923297588,0.0696610785053692,0.2242253187199088
-1.14,2023-02-14,27.659273891148164,0.0,0.06293899908000085,0.11123404829625747,0.08461512490698261,0.16698810060507352
-0.95,2023-02-15,27.848198533262654,0.0,0.0831261142176991,0.08739046039510966,0.049266508976435724,0.16949751999002893
-0.97,2023-02-16,27.823047012737145,0.0,0.06558555380447055,0.10390080762795319,0.04394845810954143,0.23904095172193282
-0.95,2023-02-17,27.85032392358396,0.0,0.07600340105889054,0.09828659819978956,0.0519755084954769,0.22499777984520705
-0.85,2023-02-18,27.944122157484365,0.0,0.07733551396716398,0.08335141350847107,0.07972891393500951,0.2408228488700323
-0.8,2023-02-19,27.99355838968517,0.0,0.05924272277627635,0.11393149931775791,0.04173351333632416,0.22587153211639208
-0.88,2023-02-20,27.91860856016536,0.0,0.09847923138822794,0.10987130108034639,0.06914034175417448,0.20971553059903017
-0.84,2023-02-21,27.95789921707136,0.0,0.08875664116805573,0.10292259173292127,0.0897718758095655,0.21541327370278737
-0.86,2023-02-22,27.935373766396108,0.0,0.09697494707820943,0.11252908645471209,0.08278480469187696,0.238912792394001
-0.8,2023-02-23,27.997519235644454,0.0,0.09474136752138244,0.11336471004799012,0.06607228445217947,0.20788067545119407
-0.69,2023-02-24,28.103213834997515,0.0,0.07989499894055425,0.10541814883575173,0.043182045464332124,0.2132391324328388
-0.96,2023-02-25,27.83926547867213,0.0,0.09609371175115584,0.1118506664181836,0.08156867571928549,0.16564767160036006
-0.8,2023-02-26,27.99227814073985,0.0,0.05442462510259597,0.10487357308346418,0.06994892540886054,0.19739212201161024
-0.83,2023-02-27,27.96963104332793,0.0,0.059799143120957264,0.10400703858801504,0.04574664985297834,0.2216397111958099
-0.8,2023-02-28,27.997347922363986,0.0,0.05226136444552691,0.1009305689107592,0.04469286424116781,0.17709426983163654
-0.8,2023-03-01,27.991786664913544,0.0,0.06626651653816322,0.10763583197788207,0.08548134097182963,0.17022541805245348
-0.79,2023-03-02,28.00193870202699,0.0,0.0694338644844741,0.07793025526465368,0.07346001314690392,0.1813826808224416
-0.71,2023-03-03,28.08678511975171,0.0,0.0635674515886948,0.11404353795994643,0.08146433996583778,0.17415006279928333
-0.64,2023-03-04,28.156323236462555,0.0,0.09143687545759648,0.11359217638726161,0.08394894501411336,0.1714912637036396
-0.99,2023-03-05,27.80536161742032,0.0,0.06783766633467947,0.07146236415172795,0.06858861760241612,0.19248508428680872
-0.71,2023-03-06,28.086076030711137,0.0,0.06404672548436904,0.11129083752823812,0.06587231758775206,0.24078385138835343
-0.63,2023-03-07,28.169551278619384,0.0,0.07713480415791242,0.07644349337367226,0.061521370516049514,0.20070596467387183
-0.56,2023-03-08,28.23190744616205,0.0,0.057046211248738134,0.0867559427129571,0.055847329389555965,0.1687920380815323
-0.61,2023-03-09,28.184119884859467,0.0,0.090109849037702,0.10717541281458041,0.06172979804293559,0.15769716693808739
-0.55,2023-03-10,28.244158291664164,0.0,0.05372753218398855,0.07803799480241541,0.07869398278650783,0.21961561451379252
-0.5,2023-03-11,28.3010296833296,0.0,0.09934434683002588,0.11089835120595312,0.07009617155075658,0.1882798764436388
-0.79,2023-03-12,28.01118744174064,0.0,0.08861223846483288,0.1116067088978871,0.0846261644977423,0.2321830946585359
-0.53,2023-03-13,28.269538938450584,0.0,0.05993578407670862,0.0953733866880418,0.06216900071895939,0.215951076864077
-0.41,2023-03-14,28.38882088055892,0.0,0.050276105856180114,0.07031929358584169,0.07035447893593771,0.22962414505413686
-0.41,2023-03-15,28.38395078568231,0.0,0.09077307142274173,0.08435190665874563,0.07156537765459943,0.17719460394184489
-0.44,2023-03-16,28.352665043500743,0.0,0.08534286719238085,0.10084634591878712,0.06958485811531627,0.21923589224610582
-0.29,2023-03-17,28.511127054622264,0.0,0.08645035840204937,0.11905930890137115,0.0751316886542758,0.1764061984693719
-0.44,2023-03-18,28.35599562847861,0.0,0.08856351733429728,0.10159067635083342,0.05187167341874032,0.24390684794502923
-0.33,2023-03-19,28.465981167826406,0.0,0.05370223258670452,0.08299017905320799,0.06561818887728953,0.21363742815333744
-0.13,2023-03-20,28.66352476668277,0.0,0.06792328642721364,0.10170028515498057,0.045211240140417386,0.18245118001753424
-0.24,2023-03-21,28.55139561356139,0.0,0.05579345297625648,0.09699926898579278,0.05922556638224063,0.1769511862292273
-0.24,2023-03-22,28.55191985281944,0.0,0.09315517129377968,0.10899226975755721,0.06438335343106322,0.16909265850716435
-0.13,2023-03-23,28.66870790001557,0.0,0.08116490634137791,0.07534903194134793,0.07261121297727362,0.21946409588937282
-0.3,2023-03-24,28.4944195696073,0.0,0.06654490124263246,0.10805139512510141,0.08752655262931018,0.17187156129979272
-0.32,2023-03-25,28.47925984700525,0.0,0.05317791751430118,0.09706332893380552,0.0700325533274178,0.2095303265927489
0.03,2023-03-26,28.830514121827136,0.0,0.06554911608578311,0.11814960019294972,0.07717969580882798,0.17646350269253575
0.27,2023-03-27,29.06240465551636,0.0,0.06625916610133735,0.08709360830193431,0.06531330297476014,0.2161968944793869
-0.05,2023-03-28,28.74624518525324,0.0,0.08648030891690321,0.10163109465669741,0.07170520156881657,0.231493972854054
0.15,2023-03-29,28.944355298972145,0.0,0.08187787356776066,0.11660140527550088,0.043546610806688674,0.22780252431446535
0.02,2023-03-30,28.81295865634835,0.0,0.09436063712881633,0.07512548639953397,0.052719579042092346,0.22608513309307818
0.26,2023-03-31,29.05264065898816,0.0,0.07361074625809746,0.11686142436182256,0.05809265466025694,0.1687722405692252
0.21,2023-04-01,29.004390916040386,0.0,0.05597971229691509,0.10439428611504067,0.06362466775032569,0.15883849469845185
0.09,2023-04-02,28.883434019672592,0.0,0.08566223936114975,0.07339185295525859,0.04228243727511919,0.2198948828487385
0.41,2023-04-03,29.20784470807502,0.0,0.08803925243084487,0.08504817834734081,0.04700120487766589,0.18683472137943516
0.44,2023-04-04,29.23218667874978,0.0,0.07806385987847482,0.10540860443226409,0.05384071538956529,0.1932346226403348
0.63,2023-04-05,29.43021630787107,0.0,0.08854835899772805,0.07336753007343857,0.08857663454505252,0.1531149092793391
0.5,2023-04-06,29.292532124405938,0.0,0.07468977981821955,0.09910852300881368,0.05656735035515254,0.1759576449275049
0.44,2023-04-07,29.231785454269232,0.0,0.07613664146909971,0.08729415284764784,0.06410205290560413,0.1533676403874464
0.48,2023-04-08,29.277300502767844,0.0,0.07137705091792748,0.10104577588837384,0.04980488563691965,0.2379185772601248
0.59,2023-04-09,29.389140569056725,0.0,0.05127095633720476,0.07228710169062563,0.07053900355378842,0.17433966832185305
0.79,2023-04-10,29.58402005908225,0.0,0.05539457134966523,0.11357684030761882,0.054034160775798715,0.2057337169573008
0.56,2023-04-11,29.357667568138503,0.0,0.05157145928433671,0.11867444845886985,0.05034962892192134,0.15389793206611305
0.66,2023-04-12,29.45682525378473,0.0,0.08182052056318902,0.11844389276428458,0.06582863142229896,0.21668473913056582
0.67,2023-04-13,29.46698374276052,0.0,0.06571779905381633,0.10748259158714625,0.040275289958021036,0.18230273457540935
0.83,2023-04-14,29.622464741033472,0.0,0.07542853455823514,0.0765043120065316,0.04038320163246127,0.23979191869576658
0.81,2023-04-15,29.60269346309661,0.0,0.09537832369630464,0.10791315979645112,0.05095344045509289,0.2388118188934036
0.88,2023-04-16,29.6725096902735,0.0,0.062464611457443746,0.07122934582294008,0.04183606812504106,0.18252906183617482
1.1,2023-04-17,29.89561035198432,0.0,0.0705191461517815,0.07110617757644987,0.04540128770653457,0.2400960895690468
1.06,2023-04-18,29.858259665769392,0.0,0.08777755692715243,0.08618051095747707,0.056943032466937576,0.2496157673498779
1.0,2023-04-19,29.80077701924367,0.0,0.06143990827458112,0.09443215952023327,0.08012928397899065,0.2325415664123948
1.15,2023-04-20,29.949069180404283,0.0,0.053848995491439657,0.10852037089038963,0.06860243216846504,0.2344871347755229
1.37,2023-04-21,30.16568385359001,0.0,0.0644875726456884,0.10416476883032526,0.06563338629782083,0.174900873610909
1.26,2023-04-22,30.06125321456753,0.0,0.05806106436270022,0.0922951353188374,0.05467444116040608,0.20767023988577563
1.57,2023-04-23,30.36576792499608,0.0,0.09648488261712865,0.0836813333140833,0.08658768597164082,0.1567255913967368
1.8,2023-04-24,30.594854967824133,0.1564078525463048,0.09040601897822084,0.11985622500788556,0.05985075206185959,0.15949179368216695
1.5,2023-04-25,30.292193492216605,0.0,0.08167018782552118,0.09130906511179865,0.04435463833978857,0.24988926120332908
1.37,2023-04-26,30.17079800344736,0.0,0.09357302950938588,0.09256935121648378,0.07085332580589006,0.1826639249425911
1.42,2023-04-27,30.21317593662588,0.0,0.09018360384495572,0.07818119105958346,0.045691919673830066,0.22481839120488467
1.64,2023-04-28,30.43836595016264,0.0,0.059328502944301795,0.10974047743749647,0.057261157140084604,0.23066650530268165
1.69,2023-04-29,30.488455370579835,0.0,0.09462794992449887,0.10468411128907444,0.06537059693589044,0.2358023271007229
1.84,2023-04-30,30.635070192367053,0.1621528846238646,0.07696711209578254,0.08103848063943803,0.08371112623425879,0.24976282974021566
1.95,2023-05-01,30.74943776612785,0.3406439940707005,0.09037200775820312,0.07411905228079213,0.06467732901700593,0.1741496485256868
1.96,2023-05-02,30.754154256576896,0.5198088878674001,0.09480456499617468,0.10402496510373568,0.07511293830158321,0.15403508268596994
2.24,2023-05-03,31.03990970009866,0.7397959878814946,0.0659001737485932,0.10272556071405677,0.08964084194995352,0.19111915179945857
1.91,2023-05-04,30.71044661485802,0.912716932861212,0.055502596226383843,0.08366297634991046,0.04657445599489908,0.16300806698289472
2.0,2023-05-05,30.79418597970537,1.0976006442476935,0.061396758127097086,0.11754317811252052,0.05373657627597597,0.1522425889162055
2.01,2023-05-06,30.807872354618443,1.2844395520503282,0.07135538943131281,0.07755289458904502,0.05972880377988232,0.18604268271414864
2.08,2023-05-07,30.87664643857449,1.481103328989541,0.09090073829612465,0.09161674005213008,0.061091408926941565,0.22837382510752363
2.0,2023-05-08,30.79896579601226,1.666669871277007,0.09303652916281716,0.11718079600837995,0.06055105376327729,0.20661806912250708
2.0,2023-05-09,30.79254605192879,1.8513193072668344,0.050347606526559535,0.09098636584630612,0.08538055012782775,0.1812777989210354
2.04,2023-05-10,30.84060662377512,2.0428345392347085,0.07553736512887829,0.10192629738320429,0.07570163222334282,0.215434200549272
2.13,2023-05-11,30.92676384333182,2.2466579454249684,0.07087055015743894,0.08987971989813971,0.0703952607045352,0.17320181803088108
2.15,2023-05-12,30.945224810281854,2.4531186326080903,0.061105390523536515,0.0837107601174335,0.05546863589313911,0.1514381446072085
2.27,2023-05-13,31.064828353568377,2.676665540260716,0.05599326836668414,0.11919888239799141,0.08118951921106474,0.2264353386436427
2.24,2023-05-14,31.037056110265755,2.8962449845843947,0.0668807585701814,0.09046670031575216,0.08775302557424945,0.21237430848640088
2.16,2023-05-15,30.95396995124632,3.1039549776195834,0.09714548519562596,0.11470496018395672,0.08105991412751132,0.226230262450096
2.44,2023-05-16,31.23142050199785,3.351300763619276,0.06616014660103776,0.08149773029455432,0.04007825525957364,0.15389380166876657
2.11,2023-05-17,30.9101163691292,3.5527459592091617,0.0759395310871683,0.08065523520125416,0.07182006850917035,0.23371196278306525
2.44,2023-05-18,31.23927530556993,3.8012138600048657,0.0851509479447589,0.07155670414422557,0.04255676907210504,0.21195262000363033
2.32,2023-05-19,31.11345640988534,4.031707632845629,0.0681814801189647,0.10258334126879429,0.0528803610166861,0.206339535071264
2.28,2023-05-20,31.072269411105395,4.256317548717829,0.09858910413604803,0.08842631718618806,0.042976235017388585,0.2124614048114532
2.32,2023-05-21,31.1173693774162,4.487370316920142,0.09812236474710556,0.11321791249198186,0.07018977264746938,0.23644332468683643
2.14,2023-05-22,30.93382255757251,4.692202110859072,0.0625891147912682,0.09366049533457785,0.07432949567463033,0.2086936506558907
2.3,2023-05-23,31.098029540527552,4.920492045220151,0.07486242529461927,0.11840967139573609,0.04572438190329525,0.20809503798881793
2.1,2023-05-24,30.89362591159533,5.1195814611623405,0.06504391549083847,0.07927627578515606,0.059191944152248974,0.2490679157065766
2.14,2023-05-25,30.937571617907693,5.324948835149153,0.06424202471887339,0.11343115839778053,0.0628118254477771,0.2256730167068568
2.21,2023-05-26,31.00196108403449,5.539514704296938,0.05184434736772664,0.10882984263958709,0.05845265108804583,0.19422938054511354
2.25,2023-05-27,31.04766090584013,5.760609119416956,0.08047821669899484,0.10854609223220259,0.04605125002425965,0.22073970000329282
2.25,2023-05-28,31.05084398148927,5.982158259629709,0.07513395116144307,0.11223916140584438,0.06094738950937377,0.18892304716917885
2.3,2023-05-29,31.10069632773085,6.210829163591259,0.052573937562499465,0.10805119954714994,0.0775589023904209,0.1728875462483499
2.12,2023-05-30,30.912487379126443,6.412613074895036,0.06393232321183057,0.10131101608157075,0.04355038322666277,0.20968518768877603
1.87,2023-05-31,30.670557569677257,6.57983558484893,0.09541329429833267,0.07656224388411938,0.04400900070409517,0.2428182098113952
2.06,2023-06-01,30.859465434972257,6.77404493270211,0.06197809453334862,0.0716263089745626,0.05773856459179922,0.2429139520015463
1.85,2023-06-02,30.641964280376524,6.937182687041614,0.05724474360456115,0.11604239239078432,0.08708628558094625,0.18419052781054904
1.95,2023-06-03,30.74174079213272,7.114574228774859,0.07447263801387814,0.1008325157260369,0.07342863233614572,0.20276774662216948
1.94,2023-06-04,30.73315310425078,7.290738957953541,0.09928252270553004,0.10982686454880881,0.07393349783362824,0.17116358985698613
2.0,2023-06-05,30.797494645673257,7.476095335906864,0.06210276357557502,0.09407611757562752,0.058095999541893255,0.2495631109498883
1.96,2023-06-06,30.75450247433531,7.655309975097623,0.08360677737029394,0.07586540944811973,0.06968303956042692,0.2481117907867936
1.82,2023-06-07,30.61941413433725,7.815226280002944,0.08808098076643588,0.07625928961012751,0.04050655920138717,0.21495089297074477
1.77,2023-06-08,30.56663007268288,7.967602004671927,0.06188187719961999,0.10427826436144856,0.0718048023204771,0.2304414059677473
1.95,2023-06-09,30.74639318645508,8.14565817416551,0.08641081743059298,0.09151529474497312,0.08566434737881184,0.22151001612836999
1.94,2023-06-10,30.737840054102183,8.32249246760868,0.06838915663596266,0.08002623633501683,0.07062867341724095,0.20931582190394685
2.01,2023-06-11,30.80959860155724,8.509577982116856,0.08161529152967897,0.09457972733707183,0.08368492967331725,0.15533479969888978
1.92,2023-06-12,30.719772542557152,8.683831202482162,0.08167648553804473,0.0732104468537567,0.07619865277330469,0.1954764342552661
2.07,2023-06-13,30.87057451005572,8.87962756106155,0.07678873420373793,0.09909857009571996,0.04602792082018451,0.21747863021674108
1.62,2023-06-14,30.41321226192546,8.37962756106155,0.054514488502720414,0.08344967022175488,0.08512266536429208,0.21775316138836848
1.93,2023-06-15,30.72145901037804,8.55412170540127,0.09176512477946189,0.10987795503185939,0.04332219221778875,0.18731226184223834
1.77,2023-06-16,30.56732310416372,8.706596434567516,0.06603900324858679,0.08551809794617868,0.0666983736273882,0.24416919866580306
1.83,2023-06-17,30.622018500217845,8.866884791741493,0.05932592551999271,0.09276100745409004,0.047106856189672884,0.1667357032236781
1.69,2023-06-18,30.48347521144867,8.366884791741493,0.052038757077738196,0.07058102699540503,0.04058533053654521,0.20003594462155608
1.67,2023-06-19,30.46604537848841,7.866884791741493,0.07954464715941209,0.07362234438972795,0.06110171300638195,0.21908839765508228
1.81,2023-06-20,30.60838594285657,8.025225640721002,0.08387821809211411,0.08962467782033424,0.054752035382707814,0.2197135805891809
1.83,2023-06-21,30.622516158248366,8.185585091899341,0.05082939144639281,0.09399694173585615,0.06430002468988015,0.2148638956768816
1.74,2023-06-22,30.54088967797632,8.33428361732453,0.07560465291496404,0.1000010274059652,0.06885999433672754,0.17752882134518602
1.83,2023-06-23,30.623340058184866,8.494760768493796,0.0613247887598969,0.08458312893546516,0.042186953615447366,0.1656206568686622
1.57,2023-06-24,30.36546494575698,7.994760768493796,0.08225863952047249,0.10474909430632713,0.04615016475618728,0.21359403268267105
1.79,2023-06-25,30.588049936179083,8.150196473662236,0.05871832145024957,0.11300611985946026,0.06793211982252127,0.20993021161394376
1.67,2023-06-26,30.47063557090673,7.650196473662236,0.0845468869051233,0.10899254944466749,0.057158367658632914,0.16793560102892408
1.75,2023-06-27,30.54180739286977,7.79902610121506,0.06933676731502687,0.07198094126741786,0.0764586743774724,0.22051391455705635
1.76,2023-06-28,30.556906205019608,7.950012701932147,0.09683649943683673,0.09402534736289145,0.07261458242959698,0.19551719917336563
1.71,2023-06-29,30.50520093496988,8.093612835499274,0.05687604720729967,0.07524650892090874,0.08228021814949533,0.2167760591603153
1.67,2023-06-30,30.461990160996105,7.593612835499274,0.06705331755251293,0.08210225079312637,0.07462464133346128,0.23373670797701507
1.79,2023-07-01,30.588880122398624,7.749167138699077,0.05567367606202945,0.11933312966335732,0.061496553869507406,0.16697284285769232
1.72,2023-07-02,30.52056106068784,7.894961575940197,0.09623468091392814,0.07712477714507567,0.07364833111972162,0.15191448679968367
1.8,2023-07-03,30.595713029823287,8.051492008772096,0.09386696766904903,0.0949444076725678,0.05376905871277093,0.22791025863957867
1.51,2023-07-04,30.31104529215132,7.551492008772096,0.06289708138575778,0.10090778671590596,0.05531567493891064,0.21096974251526157
1.61,2023-07-05,30.40164948631335,7.051492008772096,0.08299920230170896,0.1051232485272052,0.07944925799603966,0.21996395696221216
1.89,2023-07-06,30.684096838015627,7.220648699917185,0.09086111001006081,0.09798243417434573,0.062320975820079116,0.23381549749886427
1.81,2023-07-07,30.61037828953193,7.379274169850318,0.07776004057997311,0.07048854237095918,0.07991901702591762,0.23028109348245007
1.76,2023-07-08,30.55498295156581,7.529986020074006,0.07648252891780033,0.0863230654121996,0.08112111868341391,0.24609201469288247
1.79,2023-07-09,30.589723298874016,7.685660777056008,0.06209261454502258,0.09588558216923555,0.08287811688306419,0.20359350788521183
1.76,2023-07-10,30.55353978312749,7.836166460359935,0.05465513839029496,0.07439332495724167,0.08583176179206037,0.1988495632659905
1.56,2023-07-11,30.35487692661604,7.336166460359935,0.09486078789766635,0.08753134656045904,0.061549261025664805,0.190188719989073
1.72,2023-07-12,30.517613346797106,7.481539795616665,0.09502090285816651,0.07166015543956833,0.05594334091605695,0.16536910428442045
1.88,2023-07-13,30.675271092080905,7.649435665913937,0.0816550728636634,0.07392892485775104,0.06910993732970569,0.20726072328820225
1.78,2023-07-14,30.57308386799568,7.802733361341891,0.06695148955243503,0.0898461638100798,0.058558621171881375,0.17770125243259788
1.79,2023-07-15,30.588120667111426,7.958179170929238,0.06746047873063304,0.07663578770215301,0.07005370834001165,0.24213075122129757
1.53,2023-07-16,30.32447376155677,7.458179170929238,0.08629778394351197,0.0983770424130779,0.07527929313219123,0.20831908042770975
1.7,2023-07-17,30.500465929603727,7.601102875158342,0.09485551299762884,0.10447324845686327,0.07442025092460684,0.20928401805081104
1.69,2023-07-18,30.485823253955218,7.101102875158342,0.09435432121325588,0.11002933495545417,0.058727644351006074,0.185492466087701
1.6,2023-07-19,30.39940229992543,6.601102875158342,0.08899377729288119,0.0800075122122405,0.04834301008493764,0.15519893519777075
1.75,2023-07-20,30.54598092904405,6.750528722164635,0.08210158230771439,0.07837412911295348,0.061526466923110375,0.15317437653729887
1.73,2023-07-21,30.52735546331668,6.897293788352732,0.05420699824975244,0.07522839201672,0.04712970720409544,0.19233351441531968
1.76,2023-07-22,30.559710300896644,7.0486809741951095,0.05808143570473069,0.10182151247718184,0.08450485175919041,0.1584565378097238
1.64,2023-07-23,30.440189097591897,6.5486809741951095,0.09492770942635397,0.10532378632434507,0.057293873036892866,0.2106846955540139
1.66,2023-07-24,30.45917511576324,6.0486809741951095,0.08032145298297949,0.0715793072412821,0.04772298736116619,0.2380973005639657
1.63,2023-07-25,30.423211071119336,5.5486809741951095,0.05045985258083148,0.11681061231218451,0.04127238799528755,0.23829148165187222
1.67,2023-07-26,30.466200954724748,5.0486809741951095,0.0550735771433016,0.07259856418257363,0.07229111931432422,0.21590454101322326
1.56,2023-07-27,30.35656674144718,4.5486809741951095,0.08317508845540278,0.09706481676505352,0.07184511587273716,0.1711231831472931
1.52,2023-07-28,30.3175823677178,4.0486809741951095,0.05025307919231094,0.10545302597254581,0.05703020832906459,0.2362996831358872
1.65,2023-07-29,30.447415371221386,3.548680974195109,0.058040402570874935,0.11354845618730428,0.04358559444238255,0.2386093435313208
1.48,2023-07-30,30.27666527828737,3.048680974195109,0.07743668946832931,0.1057043466066214,0.060481444744761595,0.1696653584952959
1.69,2023-07-31,30.483899630413003,2.548680974195109,0.08459475988463466,0.1100864041534896,0.055560874753169676,0.2237426085770677
1.42,2023-08-01,30.220281840523235,2.048680974195109,0.08259806297513003,0.0869725096271403,0.07385603198675046,0.1786519548927123
1.52,2023-08-02,30.31586571094762,1.5486809741951095,0.061213465473027986,0.11074125568732561,0.07028896247263451,0.230264031235293
1.55,2023-08-03,30.35106333265767,1.0486809741951095,0.0856089610673768,0.07400574231923375,0.058229686409877,0.24972378999036027
1.59,2023-08-04,30.38417173401337,0.5486809741951095,0.061862454374840004,0.11474083280302641,0.0508946277127495,0.15300260053293926
1.48,2023-08-05,30.27901696319132,0.0486809741951095,0.06626998490796339,0.09737961880768681,0.08940179830777958,0.2397365865790932
1.28,2023-08-06,30.0794165413295,0.0,0.0873245702559012,0.11086488849812468,0.06270008105980575,0.2122630533598658
1.41,2023-08-07,30.20329875107956,0.0,0.08248164495236074,0.092615914225915,0.07441371178901186,0.24733826191648214
1.42,2023-08-08,30.21612864219738,0.0,0.09246117052470891,0.10217888475982624,0.04702764837891804,0.19650095175264276
1.46,2023-08-09,30.25250699755087,0.0,0.08288064461501717,0.09632013304680564,0.0642794849829699,0.2347387930571373
1.51,2023-08-10,30.30279527917148,0.0,0.07841543016677358,0.10657947608776658,0.041376835993473284,0.15623940685982773
1.64,2023-08-11,30.433671026367705,0.0,0.05468373839140462,0.07408149910152949,0.06527275589552249,0.1835279050078296
1.26,2023-08-12,30.05333288464689,0.0,0.06838579015297168,0.0730176041995282,0.08820087035588511,0.15670165377512102
1.38,2023-08-13,30.18097387865532,0.0,0.06326011838408628,0.08235516170050733,0.05921033564929001,0.24753431334790701
1.41,2023-08-14,30.21045410038701,0.0,0.062199482168954184,0.07797723400565942,0.04194980062874558,0.23169739072718368
1.46,2023-08-15,30.25674333898389,0.0,0.09865052773762228,0.11358917832961007,0.04154778954596717,0.23525474212459704
1.44,2023-08-16,30.23650077791227,0.0,0.06965488623333801,0.08096069936790222,0.05939933799734347,0.24379652314338943
1.57,2023-08-17,30.3687123520914,0.0,0.09460232775885567,0.11879326279095657,0.0480012468231597,0.15851034861197855
1.35,2023-08-18,30.14260022605034,0.0,0.08155693129986313,0.08684478958855534,0.0411676048164093,0.18855975925133328
1.39,2023-08-19,30.18589599491117,0.0,0.08974056517708241,0.07910589578443496,0.07781068069750884,0.1571034889044002
1.36,2023-08-20,30.152056881862872,0.0,0.0751318546552596,0.10948492535712397,0.06292615044409454,0.17107931015500286
1.33,2023-08-21,30.12159786454786,0.0,0.07884519423131796,0.1029353887750438,0.05446223859863272,0.17293657770376725
1.27,2023-08-22,30.07011406000241,0.0,0.0746258846909432,0.09490978582265697,0.08500415915082403,0.19691072110475785
1.33,2023-08-23,30.12831961368311,0.0,0.05976214938990222,0.09776817754688155,0.04580694801002628,0.17685621674536425
1.28,2023-08-24,30.0718217542103,0.0,0.08612260576307526,0.1059600889136132,0.08779594144776597,0.16009781068177611
0.98,2023-08-25,29.77952164181676,0.0,0.0640386181220428,0.08142273706656493,0.05569833586886764,0.16674910890941078
1.24,2023-08-26,30.04110174457124,0.0,0.0512157983215727,0.1198166958028371,0.08442018361543406,0.16472755635520908
1.2,2023-08-27,29.99903390582632,0.0,0.08227361479535839,0.11873965810733916,0.07014714382397308,0.24730767979122983
1.19,2023-08-28,29.98428719505411,0.0,0.05885553397035245,0.10251628431734684,0.08133536798707437,0.2259292506918473
1.34,2023-08-29,30.131992924679185,0.0,0.09702292921764571,0.07997712254645725,0.08920065816052322,0.2467761465269562
1.29,2023-08-30,30.08423985129508,0.0,0.09769642885012936,0.10401141212156456,0.05442027189093728,0.19397404865079088
1.32,2023-08-31,30.12006623527289,0.0,0.09574321951102244,0.0736099204489588,0.08805677427037965,0.1778368481662657
1.18,2023-09-01,29.972226320710348,0.0,0.06850793501277222,0.07153262511029031,0.05947409474512102,0.22982931972091863
1.03,2023-09-02,29.823913737525096,0.0,0.05077283082644338,0.08288414442556068,0.05927559523684612,0.1826253918041147
1.05,2023-09-03,29.8419477173052,0.0,0.09641592812938628,0.09313114783696581,0.05701935521272528,0.17993833737053486
0.94,2023-09-04,29.73451111487857,0.0,0.07140920741586572,0.11341362527041901,0.06707038036737926,0.17325059922078312
0.94,2023-09-05,29.74053907994268,0.0,0.09833274095218349,0.1063584534883154,0.04770725215892435,0.16296789782242355
0.95,2023-09-06,29.74977236287152,0.0,0.09818099885446264,0.10713532605999905,0.06768557426790055,0.1756463061016766
0.99,2023-09-07,29.790195746348367,0.0,0.092650472773368,0.09127466672240377,0.0670852406205002,0.18553197484738881
0.89,2023-09-08,29.68212669749649,0.0,0.06472244460347928,0.08729674962734814,0.0780950906302435,0.21739942081457303
1.04,2023-09-09,29.831458439030985,0.0,0.06925488643009625,0.08855193814923014,0.08168249809687927,0.15625648422194516
0.82,2023-09-10,29.613613965866566,0.0,0.09255683357584284,0.11938247818680288,0.0620220675156212,0.1710506939665343
0.8,2023-09-11,29.598593573724205,0.0,0.06584610025781389,0.07200545957062413,0.05511666246757469,0.2309023640291676
0.85,2023-09-12,29.651274402264256,0.0,0.05847463733430462,0.11335157480612244,0.05296674486585473,0.1646921923583771
0.79,2023-09-13,29.58501143964655,0.0,0.07784006312291751,0.09893377042861966,0.049731191835243604,0.18426451465225216
0.83,2023-09-14,29.62726375299056,0.0,0.09680773870803903,0.09193077095947953,0.04288237910995125,0.23646589218581401
0.9,2023-09-15,29.70066139212597,0.0,0.08480148983374866,0.10626288302075682,0.05712239894173567,0.16549253111434428
0.81,2023-09-16,29.603741765196617,0.0,0.07850305850446826,0.09433344707123514,0.05351238460653916,0.15827368356181898
0.86,2023-09-17,29.65315512046211,0.0,0.05485882468853843,0.11367116190408304,0.08832086929332036,0.1984537995080011
0.78,2023-09-18,29.57997448176726,0.0,0.08075036133495848,0.11503509320056292,0.0678854413125022,0.18024195112785366
0.86,2023-09-19,29.652167468705706,0.0,0.09950269250521315,0.09108604634367276,0.05736385195152537,0.2063408364483854
0.83,2023-09-20,29.626833560377715,0.0,0.0570042007618262,0.08384138986175257,0.06902338004968481,0.2303804890483475
0.67,2023-09-21,29.46870479974784,0.0,0.07591648261818684,0.09961751642966811,0.046959835067284766,0.16371484881527432
0.75,2023-09-22,29.54675724374028,0.0,0.09386865359639777,0.11561816728083454,0.062202187460110143,0.2080699084554285
0.59,2023-09-23,29.387045996245128,0.0,0.08703843088771022,0.08053310945028333,0.07131171607105319,0.2005508760389864
0.54,2023-09-24,29.335979431437227,0.0,0.0848507870497634,0.10114832917817414,0.06444489158962256,0.16440787860131995
0.82,2023-09-25,29.62014285198916,0.0,0.08512420419935546,0.10157801100462602,0.06008894003271621,0.21239984855289823
0.54,2023-09-26,29.334244560556623,0.0,0.06797455756098776,0.10665565112076406,0.0896924194449849,0.17736404178607718
0.49,2023-09-27,29.282056388991343,0.0,0.06467959221322467,0.076578384256363,0.08401573810744635,0.19878343185440128
0.52,2023-09-28,29.318330389153303,0.0,0.09046805777392568,0.10579124823410443,0.07117029790797201,0.1582272324277062
0.26,2023-09-29,29.05339536320788,0.0,0.09050566973395904,0.11545162603328203,0.06846886805911415,0.1959584057213623
0.35,2023-09-30,29.141576082847703,0.0,0.09335361592900518,0.0789841554435121,0.0710330239912292,0.18064634680428204
0.25,2023-10-01,29.046829661675066,0.0,0.09566202762782355,0.08187716624619389,0.05006560539112167,0.23223812111853545
0.59,2023-10-02,29.38175857081912,0.0,0.07556711994304689,0.11856975470208199,0.05975688716321592,0.15569787269973684
0.4,2023-10-03,29.19138369942519,0.0,0.07507581473435998,0.07904884763547448,0.04197297664454497,0.191860727491833
0.22,2023-10-04,29.012491996345712,0.0,0.08991475894833877,0.11271925466847897,0.06377730187434133,0.1958431424131438
0.32,2023-10-05,29.115999366720903,0.0,0.08249819653888826,0.09461389282240174,0.06715122919788316,0.2225006076299119
0.36,2023-10-06,29.158227987915105,0.0,0.08509834386288517,0.08236155372015885,0.05138748680516048,0.20742875750902112
0.32,2023-10-07,29.113610154431,0.0,0.08978963347180505,0.11353749506362555,0.08820144235827569,0.21672123371941812
0.21,2023-10-08,29.008310454782524,0.0,0.09450026709087832,0.09226526275013328,0.08547273054686211,0.22770492856517557
0.1,2023-10-09,28.89865051285525,0.0,0.06689975784257679,0.09574086769648452,0.07610716177279529,0.2362202973658189
0.31,2023-10-10,29.1028070021058,0.0,0.0687791476319972,0.08796166846998829,0.06666933143826814,0.18138754967224704
0.32,2023-10-11,29.11597422433926,0.0,0.05469909699204345,0.09964754257174636,0.08349845798238426,0.20380227053639027
0.16,2023-10-12,28.95770436047744,0.0,0.0789140070498087,0.07817619362925113,0.046532617191173145,0.23401080784392003
0.17,2023-10-13,28.971193173632585,0.0,0.0517971136898371,0.08955407683258804,0.07952548971374424,0.2489451130965057
0.09,2023-10-14,28.88984040475348,0.0,0.07327990090662301,0.11847061611676438,0.046241040698342416,0.23895193110437632
0.09,2023-10-15,28.88803828117632,0.0,0.07713223173537884,0.08290667163505637,0.07971053312747027,0.1871467262624377
0.11,2023-10-16,28.902811500422715,0.0,0.06432706260641423,0.1028368332270646,0.05378837841256785,0.16951665172186503
0.03,2023-10-17,28.830829621985583,0.0,0.07954166302845053,0.08625950321123474,0.08385452905090944,0.19893925374065888
0.18,2023-10-18,28.97868809115642,0.0,0.05152501249695247,0.10867365628433004,0.08720210469126989,0.22416414518360425
-0.04,2023-10-19,28.75353039049336,0.0,0.05186740943746072,0.07654368303591749,0.04743979847025578,0.19925690707532975
-0.21,2023-10-20,28.586748231360307,0.0,0.09113002803298292,0.11849105225392725,0.06313378025326967,0.19831808633136683
-0.29,2023-10-21,28.509808249554982,0.0,0.06800953207056315,0.09268947706918196,0.08904936890813427,0.23382304210818006
-0.21,2023-10-22,28.587944809195967,0.0,0.05635302563259424,0.0818025231673232,0.06417037179865734,0.18614037790671864
-0.14,2023-10-23,28.65544645802279,0.0,0.07611216300274022,0.07367483736650063,0.08317737612572726,0.23597946748116455
-0.21,2023-10-24,28.589312297009776,0.0,0.08849967765493054,0.07848789525437704,0.06943657610656599,0.1906804800951724
-0.24,2023-10-25,28.558456498235785,0.0,0.06079105137484216,0.09598869742780088,0.058766495395980084,0.18282331056783402
-0.16,2023-10-26,28.63295980715362,0.0,0.08114452379095001,0.08685015882156431,0.05428917777629352,0.1953989911199699
-0.09,2023-10-27,28.71032381283645,0.0,0.054267373249688396,0.11144416829413048,0.05016115455430436,0.22624469586748683
-0.39,2023-10-28,28.403915346574905,0.0,0.05258408605843039,0.0915443761830903,0.07808990956888485,0.16260020278639944
-0.4,2023-10-29,28.39540430500734,0.0,0.07656773157840739,0.0824357136293815,0.0593270253411514,0.16964192158720176
-0.39,2023-10-30,28.4107324090384,0.0,0.07703175608050533,0.1008572493302015,0.06556377311003757,0.24514448256630922
-0.31,2023-10-31,28.489199229953623,0.0,0.08187149507491033,0.10533886084427228,0.06461627400005909,0.16754916273813575
-0.33,2023-11-01,28.468464011543706,0.0,0.08630456668613308,0.07835209539504749,0.06886395146165657,0.20677273179310546
-0.08,2023-11-02,28.718104883937126,0.0,0.09879260397312672,0.07838096081441588,0.08327885728122761,0.2079314466661938
-0.33,2023-11-03,28.46128147831536,0.0,0.07581501741505976,0.07183357134667714,0.08903696717917148,0.19896244620502448
-0.25,2023-11-04,28.545466507491945,0.0,0.0661478236470623,0.10682010075328204,0.06037921042869085,0.21447452485768184
-0.67,2023-11-05,28.12259649226762,0.0,0.08975930973843518,0.10319022638109025,0.08137594610531515,0.17298267257976183
-0.67,2023-11-06,28.128105301719906,0.0,0.06354161256310371,0.09373154378749068,0.07822638973273588,0.2052662267776748
-0.43,2023-11-07,28.36274166721205,0.0,0.07194857103528181,0.11220852244845984,0.06867644757277867,0.1872173255246897
-0.72,2023-11-08,28.078777805595468,0.0,0.0539228190671133,0.1102835076475027,0.08780235718059665,0.21616672596291892
-0.61,2023-11-09,28.18747377699943,0.0,0.05126753717077288,0.09926771821983761,0.05002372577642014,0.16412235433731492
-0.49,2023-11-10,28.30918183665229,0.0,0.09813242073389625,0.11341356402566294,0.04546321051548107,0.2070877416839476
-0.64,2023-11-11,28.1609628440231,0.0,0.09179900602561028,0.0802920605018384,0.08269809834777112,0.16852703553833237
-0.67,2023-11-12,28.125220830235,0.0,0.08479871030468489,0.0755959809698864,0.06195749083168742,0.17786430631150366
-0.72,2023-11-13,28.07745605763575,0.0,0.07044764722071349,0.08348748057584948,0.08234844271035302,0.17187098003235832
-0.75,2023-11-14,28.05055452803854,0.0,0.05866471600354229,0.07285434280446573,0.08465451025977075,0.1682837779868817
-0.6,2023-11-15,28.194570243736752,0.0,0.057821852133554306,0.0965584764000516,0.043122879680953574,0.23257109515606672
-0.77,2023-11-16,28.02631234737075,0.0,0.06251214490822976,0.11683028461474808,0.08417323814930303,0.17857075676608905
-0.51,2023-11-17,28.28451402476073,0.0,0.07746133323530603,0.07196717703342548,0.06241595276847111,0.2427123781864449
-0.59,2023-11-18,28.20951822919925,0.0,0.08572979613500312,0.07610549570050135,0.0655216244502116,0.24699265253451907
-0.88,2023-11-19,27.91150669115328,0.0,0.08300986883588655,0.09260995141417176,0.07132962555466052,0.20712604699370968
-0.87,2023-11-20,27.929330532106604,0.0,0.06399669484729714,0.11669375087639523,0.08631913033650433,0.16430011226657262
-0.74,2023-11-21,28.05286261788892,0.0,0.0977432640331597,0.08580780524883753,0.04095580472148821,0.18745482433795807
-0.84,2023-11-22,27.95496192398466,0.0,0.08689484583478843,0.09536174043441963,0.06384217341589085,0.2297732263348214
-0.85,2023-11-23,27.94933337162816,0.0,0.07771770262557004,0.0720786429525196,0.07438610212152803,0.18673907286970703
-0.76,2023-11-24,28.03477972055601,0.0,0.08058603731171761,0.07741716004810444,0.07613534788491143,0.15870172183027886
-0.8,2023-11-25,27.991358299633514,0.0,0.0709800031213895,0.11933150614794236,0.0746266215768554,0.2056784910928188
-0.97,2023-11-26,27.83055147817884,0.0,0.06238654947505787,0.11825593482180227,0.04672175647040609,0.23451208514960348
-0.98,2023-11-27,27.8166550593164,0.0,0.06779863393256308,0.07024699904672048,0.05496977941858406,0.22959263871435023
-0.92,2023-11-28,27.87646865475167,0.0,0.08789230552321846,0.11759058927116191,0.05793577627085067,0.16751231401303532
-1.03,2023-11-29,27.766492992376165,0.0,0.0507196744314878,0.10195599689077502,0.08022186038397525,0.21727646144124665
-0.74,2023-11-30,28.05129153439505,0.0,0.055803632025345815,0.11339591472600109,0.05393799362072765,0.1720504263435647
-0.88,2023-12-01,27.918676076631925,0.0,0.05230013210108764,0.09273699278169296,0.05053524819336016,0.17182075345521725
-0.89,2023-12-02,27.906328048555743,0.0,0.052036440115948504,0.09577980142896252,0.08787240095190481,0.23740717733051853
-0.96,2023-12-03,27.83443976398503,0.0,0.09277302920055036,0.09444232901284601,0.040443164255673444,0.174966895274023
-1.14,2023-12-04,27.65931582420945,0.0,0.08518289296900118,0.10334321287730522,0.08989104278409892,0.17632473465180112
-1.06,2023-12-05,27.73681317540756,0.0,0.07370869145436626,0.07698256273781565,0.07384106494286978,0.15006533907612996
-1.15,2023-12-06,27.64588349099376,0.0,0.05489170803255007,0.0714986794936339,0.08142346497245585,0.23706690341255177
-1.02,2023-12-07,27.776237826888188,0.0,0.07458079375584162,0.08539649707955956,0.05473096981730966,0.22925948132091348
-0.96,2023-12-08,27.839371371968767,0.0,0.07367358853902829,0.10523403813683233,0.040715763883353,0.2127328935090678
-1.18,2023-12-09,27.617148486473383,0.0,0.058660093495500755,0.08009267260614741,0.07689347592807651,0.2250265763938842
-1.08,2023-12-10,27.71792501622579,0.0,0.07169258246189865,0.10367162166624587,0.08170722985003379,0.1652048567424492
-0.97,2023-12-11,27.83112377743148,0.0,0.06992523671986867,0.11849560230536353,0.07702380659767595,0.1958323594587576
-1.22,2023-12-12,27.579236062161826,0.0,0.08079250490261082,0.07469503578947093,0.04714251436504193,0.1851219387348781
-1.21,2023-12-13,27.58201601504652,0.0,0.08175468254338218,0.1036301059112563,0.07767139611284844,0.15937765262570164
-1.11,2023-12-14,27.683949625985168,0.0,0.052265200488602226,0.09218751096522856,0.07844613910538205,0.1986130485214924
-1.21,2023-12-15,27.582890889795426,0.0,0.06873063073132356,0.11340711271887526,0.07292702578350274,0.24207396503426362
-1.33,2023-12-16,27.46353216968763,0.0,0.08129299578571182,0.0788574894723693,0.07830579663977931,0.15400591190506946
-1.23,2023-12-17,27.56537292959824,0.0,0.07515681292900439,0.10463129761130822,0.0822960719838866,0.1791460913493794
-1.28,2023-12-18,27.52112036336765,0.0,0.09282449205941612,0.11190576448240551,0.07068020571187292,0.17075409362057037
-1.31,2023-12-19,27.484592023333686,0.0,0.08293468158094724,0.11723071097370116,0.044430235698483964,0.17381466536656962
-1.19,2023-12-20,27.60294948220859,0.0,0.058146721354071486,0.1041624014144823,0.06438139048336054,0.24084345518793754
-1.27,2023-12-21,27.528093537197783,0.0,0.05352843737002149,0.09485873820042136,0.04388246673358025,0.19680690542342905
-1.23,2023-12-22,27.567938995267934,0.0,0.08212096391031577,0.1008923620100607,0.060377151551621544,0.1966299412939819
-1.39,2023-12-23,27.40806695385508,0.0,0.0513255655270811,0.11344524922393591,0.06035532445628138,0.22605756424552823
-1.13,2023-12-24,27.66727158570712,0.0,0.07928877906367317,0.09853048733194147,0.043300492207012084,0.16544922040049254
-1.1,2023-12-25,27.693596499133854,0.0,0.09701151207124788,0.07151935298484184,0.057441026698473965,0.1987265354100051
-1.13,2023-12-26,27.668113123640182,0.0,0.07877370889379394,0.11654743477534889,0.04554990493956575,0.192998521412106
-1.12,2023-12-27,27.68063421305292,0.0,0.0694084963103261,0.10447633755157806,0.0804117605004611,0.2096910690546656
-1.26,2023-12-28,27.539781937339367,0.0,0.08216441092211765,0.1038256692888623,0.08738440129822354,0.24995577032504387
-1.39,2023-12-29,27.40201092520163,0.0,0.07291264452457583,0.08078375761988586,0.04361582376289693,0.2269448894082047
-1.35,2023-12-30,27.450524794426823,0.0,0.07728083946579675,0.10294427351163284,0.08775576036458507,0.18978657030174273
-1.17,2023-12-31,27.626236870179,0.0,0.09707324043882626,0.08969322028270792,0.06612882996683726,0.23275530522740467
-1.17,2024-01-01,27.627793459587885,0.0,0.0693051318900387,0.10256164885207461,0.0549782838976937,0.16707083633124803
-1.17,2024-01-02,27.629350048996766,0.0,0.0980595281911957,0.07532965151539954,0.04384310376380818,0.15304636863089602
-1.17,2024-01-03,27.63090663840565,0.0,0.0952675320978032,0.10289226523015181,0.06503121340352089,0.1704448372464273
-1.16,2024-01-04,27.632463227814533,0.0,0.059789556739464816,0.11997068628853333,0.07972577722453743,0.184041155611426
-1.16,2024-01-05,27.63401981722341,0.0,0.05346806504375827,0.0724106019430278,0.07535432386333492,0.201058075745956
-1.16,2024-01-06,27.6355764066323,0.0,0.05503890006887133,0.1188587092110659,0.04251130057319869,0.21151291405411998
-1.16,2024-01-07,27.637132996041185,0.0,0.05091109128257749,0.09034539803614353,0.043645091768395164,0.24106057172144219
-1.16,2024-01-08,27.63868958545007,0.0,0.054722148037796424,0.11353767251686295,0.06014366413163185,0.20098540095504577
-1.16,2024-01-09,27.64024617485895,0.0,0.08415033867081784,0.10911927420291367,0.05476452470239717,0.20012756446257288
-1.15,2024-01-10,27.64180276426784,0.0,0.05355943242301145,0.0983508130493334,0.05161921615280239,0.15502430098229822
-1.15,2024-01-11,27.64335935367672,0.0,0.06594878151468807,0.10692246046256633,0.05405022494543568,0.1534911552656224
-1.15,2024-01-12,27.644915943085604,0.0,0.09224376554847272,0.1139257780650674,0.08017413716484423,0.2051159961916372
-1.15,2024-01-13,27.64647253249449,0.0,0.05116359678679129,0.09020701608255163,0.0864614026815927,0.19381786132483445
-1.15,2024-01-14,27.64802912190337,0.0,0.0907234241294468,0.08635165807816193,0.06025513472637832,0.2339180394980299
-1.15,2024-01-15,27.64958571131225,0.0,0.06409273873867,0.10337966927817925,0.08530555010662486,0.16606795847118452
-1.15,2024-01-16,27.651142300721137,0.0,0.055908241381082815,0.11039229709706291,0.0560747850623941,0.15249716621170495
-1.14,2024-01-17,27.652698890130026,0.0,0.08483685826820754,0.1081142567388308,0.06382184931718958,0.1949038767930126
-1.14,2024-01-18,27.654255479538904,0.0,0.0814471423389942,0.10989068244293171,0.05130144989079998,0.17374785567522574
-1.14,2024-01-19,27.65581206894779,0.0,0.09387360067635263,0.09177916574064664,0.0720238021087922,0.15496143733388373
-1.14,2024-01-20,27.65736865835668,0.0,0.0867535521901943,0.11089171080875107,0.08894905575874044,0.22245982868476288
-1.14,2024-01-21,27.65892524776556,0.0,0.09017404651924243,0.07601045276853043,0.07017465480216893,0.16115929999572476
-1.14,2024-01-22,27.66048183717444,0.0,0.06410172862856532,0.09722445489804249,0.05789070420567745,0.2108319500007772
-1.13,2024-01-23,27.66203842658332,0.0,0.05887197718898614,0.07028793302490607,0.07239087229952643,0.17810497501668893
-1.13,2024-01-24,27.663595015992207,0.0,0.08753073758204291,0.08622929149501352,0.04614603392326938,0.1673496050355022
-1.13,2024-01-25,27.66515160540109,0.0,0.0903417369633632,0.08832307674356989,0.08443295401326993,0.18797515229193174
-1.13,2024-01-26,27.66670819480997,0.0,0.09952525710003368,0.08980863458046276,0.06515419753899182,0.23014457762229534
-1.13,2024-01-27,27.66826478421886,0.0,0.07063088384557133,0.1047733603344931,0.0624674871019821,0.18920935769045727
-1.13,2024-01-28,27.66982137362774,0.0,0.06860090428963915,0.08942790506351729,0.06929323942267596,0.22507696492110557
-1.12,2024-01-29,27.671377963036623,0.0,0.08882064803709984,0.09243468113112653,0.07123919313947012,0.16254862967991507
-1.12,2024-01-30,27.672934552445508,0.0,0.0670401770126509,0.08187720654371637,0.043588790311325655,0.22727714196650792
-1.12,2024-01-31,27.6744911418544,0.0,0.09653786628017824,0.088662589581467,0.07413086106117012,0.17369333249066482
-1.12,2024-02-01,27.676047731263274,0.0,0.0929206375921506,0.08136348136315757,0.05209658401577648,0.2177393129888873
-1.12,2024-02-02,27.67760432067216,0.0,0.07144970136875091,0.07365979618842218,0.0756976316253295,0.20657815548409963
-1.12,2024-02-03,27.679160910081045,0.0,0.08754355338957487,0.1001724296690689,0.08112673971920983,0.2429144717211688
-1.12,2024-02-04,27.680717499489926,0.0,0.08772714370423412,0.1034106399277508,0.080197925377626,0.1887322517975314
-1.11,2024-02-05,27.68227408889881,0.0,0.05515619344179663,0.10097451730048071,0.06762504837039446,0.15661651888344405
-1.11,2024-02-06,27.683830678307693,0.0,0.09512764533397831,0.09317470219002862,0.06600849461553755,0.1519155485551253
-1.11,2024-02-07,27.68538726771657,0.0,0.07526261862239286,0.08898928900896148,0.04714379806697059,0.23268585609727532
-1.11,2024-02-08,27.686943857125463,0.0,0.09132287330538708,0.11316668247859127,0.07876730752015679,0.2024735637661432
-1.11,2024-02-09,27.688500446534345,0.0,0.06600248005153059,0.0959540892568109,0.05357046902233571,0.2275244051834949
-1.11,2024-02-10,27.69005703594323,0.0,0.09477616142481002,0.09395909388148656,0.06483477114089733,0.17344256000115146
-1.1,2024-02-11,27.69161362535211,0.0,0.06946008393670816,0.0712821032903218,0.054213704646375836,0.18450837455132338
-1.1,2024-02-12,27.693170214761,0.0,0.05054188257401492,0.08706239138130782,0.046691418149984655,0.1530103872211319
-1.1,2024-02-13,27.69472680416988,0.0,0.09526909882096318,0.08900978093929285,0.07147788484458684,0.2461492324574112
-1.1,2024-02-14,27.696283393578764,0.0,0.05456433383930667,0.08994113904484502,0.04271660174114519,0.21678679067008133
-1.1,2024-02-15,27.69783998298765,0.0,0.06596568187952075,0.0990086184613666,0.07743226170631,0.24332050877593064
-1.1,2024-02-16,27.69939657239653,0.0,0.09750309835254023,0.09668012733634393,0.05587933976305583,0.17654964074290724
-1.1,2024-02-17,27.70095316180541,0.0,0.0975303573468778,0.10039525463967224,0.040006734650224265,0.21114636112256607
-1.09,2024-02-18,27.702509751214297,0.0,0.0786718944061643,0.10824416307710642,0.06555645696186149,0.2178499968292638
-1.09,2024-02-19,27.704066340623186,0.0,0.08159186060848997,0.11064928693580468,0.04234259542638016,0.18175497002575886
-1.09,2024-02-20,27.705622930032064,0.0,0.072422276098916,0.10590615381132472,0.05380847789104497,0.234810923501563
-1.09,2024-02-21,27.70717951944095,0.0,0.06466053858490323,0.11777618479774674,0.07534882437278581,0.24471614629002478
-1.09,2024-02-22,27.70873610884984,0.0,0.06643322726849579,0.07091162913381809,0.043134481081093294,0.23848551176960045
-1.09,2024-02-23,27.71029269825872,0.0,0.08362592280385192,0.0797888992841773,0.08196692461780013,0.22390669759393728
-1.08,2024-02-24,27.7118492876676,0.0,0.087618726471884,0.07037814374890711,0.04019099613292916,0.1777464679724954
-1.08,2024-02-25,27.71340587707648,0.0,0.08957895218629243,0.10237373570773016,0.05234119346009511,0.17816160421056318
-1.08,2024-02-26,27.714962466485368,0.0,0.0894809071397277,0.11490152744749937,0.07704520280760357,0.24633603204460378
-1.08,2024-02-27,27.716519055894253,0.0,0.05456030515243453,0.08217411482881495,0.055813507486465345,0.1510284495935692
-1.08,2024-02-28,27.71807564530313,0.0,0.07472101523512907,0.11635172723981532,0.04509461940330068,0.22160499732421446
-1.08,2024-02-29,27.71963223471202,0.0,0.052877938000832216,0.07301336951447804,0.0580116959400214,0.22062461625552623
-1.08,2024-03-01,27.7211888241209,0.0,0.07747644411618677,0.11672180134027571,0.05351966431922627,0.2122689540949797
-1.07,2024-03-02,27.722745413529783,0.0,0.07207652506866885,0.08758113436198171,0.08213559510802775,0.2490108846086866
-1.07,2024-03-03,27.724302002938668,0.0,0.094385209137915,0.07507104142246082,0.05566739587925715,0.18118794357637252
-1.07,2024-03-04,27.72585859234756,0.0,0.06754575062760393,0.09429358795931628,0.07944662358880036,0.18399718637932483
-1.07,2024-03-05,27.72741518175644,0.0,0.0558533508213803,0.0828388283860254,0.08459360724053674,0.15789394029465553
-1.07,2024-03-06,27.72897177116532,0.0,0.05714958410264179,0.08424364509809613,0.06169087097882648,0.19427981365437366
-1.07,2024-03-07,27.730528360574205,0.0,0.08807553158587361,0.08536449824631433,0.0854971571927196,0.17610485262348483
-1.06,2024-03-08,27.732084949983086,0.0,0.08091090316581305,0.11015129489163317,0.05886590269815964,0.1843386702177644
-1.06,2024-03-09,27.73364153939197,0.0,0.05505613380613951,0.09695806383376272,0.08820392082450541,0.23345717902556276
-1.06,2024-03-10,27.735198128800853,0.0,0.054205340305749874,0.0855653849578002,0.044464476226278644,0.24354845135274958
-1.06,2024-03-11,27.73675471820974,0.0,0.085048456572956,0.10051668916554592,0.07435096332516214,0.16857330720051858
-1.06,2024-03-12,27.738311307618623,0.0,0.05363815031820968,0.10580753371115968,0.06469070202284644,0.18725089315534657
-1.06,2024-03-13,27.739867897027505,0.0,0.0910930029645178,0.08363120003667668,0.059382440272782354,0.24286305621153942
-1.05,2024-03-14,27.74142448643639,0.0,0.08531211135782481,0.09067745507626757,0.07163559393743005,0.15618084606892227
-1.05,2024-03-15,27.74298107584527,0.0,0.05406743903209499,0.07609430466684738,0.07519285458171655,0.15923605281113784
-1.05,2024-03-16,27.74453766525416,0.0,0.0542418857042596,0.07905746747673402,0.04021816348251546,0.16627909892062293
-1.05,2024-03-17,27.74609425466304,0.0,0.09933197892505877,0.10405589269824914,0.04834765443735994,0.2095212834126875
-1.05,2024-03-18,27.747650844071924,0.0,0.06871353978780602,0.07907191738478134,0.07565230253171594,0.16504722710059974
-1.05,2024-03-19,27.74920743348081,0.0,0.06853210735334454,0.09625816918335302,0.07331927067891032,0.24680763814507337
-1.05,2024-03-20,27.75076402288969,0.0,0.09063997836287511,0.10545231308612164,0.08830237525643386,0.19467145272585204
-1.04,2024-03-21,27.75232061229857,0.0,0.09736242886919293,0.0753438461547372,0.07805188951253915,0.20015179603501665
-1.04,2024-03-22,27.753877201707457,0.0,0.09930005319114356,0.09836561098144518,0.0875386353865669,0.17466586158054065
-1.04,2024-03-23,27.755433791116342,0.0,0.08766890926294708,0.08282813918506819,0.07512702507674035,0.1970960252434733
-1.04,2024-03-24,27.756990380525227,0.0,0.06881297927654578,0.11814634376187898,0.05490261043197215,0.21619136326370123
-1.04,2024-03-25,27.75854696993411,0.0,0.054175035834933445,0.09417728233599625,0.04526824611254282,0.2251177136954043
-1.04,2024-03-26,27.760103559343,0.0,0.08885734579637183,0.11029962748875792,0.07909119316724678,0.22538680827099128
-1.03,2024-03-27,27.76166014875188,0.0,0.07792021248679025,0.09751132710781307,0.0722074610737958,0.20778911126940883
-1.03,2024-03-28,27.76321673816076,0.0,0.07121110046234881,0.07217062664274096,0.04240930061966481,0.24043597749938572
-1.03,2024-03-29,27.76477332756964,0.0,0.0953177192547368,0.10165756877970113,0.05800252329504892,0.2317407847306109
-1.03,2024-03-30,27.766329916978528,0.0,0.05555987411530757,0.11757016711033284,0.08783999077421431,0.22570481146986254
-1.03,2024-03-31,27.767886506387413,0.0,0.07463125521454296,0.10008059100731656,0.06502005728551007,0.15556055216804607
-1.03,2024-04-01,27.76944309579629,0.0,0.05056768223837095,0.11095944297133951,0.06163645680098523,0.15068779622196493
-1.03,2024-04-02,27.77099968520518,0.0,0.07343303209970632,0.1142103231674204,0.0628849802579647,0.1712447277195473
-1.02,2024-04-03,27.77255627461406,0.0,0.05281516378409186,0.08140398859744662,0.050444136200258186,0.21635235939134523
-1.02,2024-04-04,27.774112864022943,0.0,0.0559408958134036,0.08060224199541133,0.05843535854323976,0.19111974888825456
-1.02,2024-04-05,27.775669453431828,0.0,0.05587631233885525,0.1005490494425496,0.05849066279935883,0.1902406259299312
-1.02,2024-04-06,27.77722604284072,0.0,0.08246051510580317,0.09055142349033524,0.04261775100937362,0.23845868882296137
-1.02,2024-04-07,27.7787826322496,0.0,0.08730224396327117,0.11199306514333605,0.07837838142589591,0.23955628481318386
-1.02,2024-04-08,27.78033922165848,0.0,0.07916843825485799,0.11500115616990056,0.06082522159519394,0.24091752640535855
-1.01,2024-04-09,27.781895811067365,0.0,0.0981086274237271,0.0876710689651359,0.08110899434082117,0.18138780765150275
-1.01,2024-04-10,27.783452400476246,0.0,0.0687435289761852,0.0818435279487241,0.08251740005599477,0.21910558127392618
-1.01,2024-04-11,27.78500898988513,0.0,0.06428560431409303,0.10902627576219309,0.0505997027349329,0.17716331812743696
-1.01,2024-04-12,27.786565579294013,0.0,0.09342995640947302,0.08374030177740681,0.07286767410850643,0.169060983307445
-1.01,2024-04-13,27.7881221687029,0.0,0.06117979192597263,0.11113071592568392,0.06361409020814908,0.16846324573473692
-1.01,2024-04-14,27.789678758111783,0.0,0.09816112697203055,0.09118691268243814,0.08400783689607426,0.18421076208635942
-1.01,2024-04-15,27.791235347520665,0.0,0.050607723734490816,0.10337749496457352,0.05078703395882271,0.19299576197798218
-1.0,2024-04-16,27.79279193692955,0.0,0.09849394133538196,0.0747767656917334,0.07389066001550221,0.23309491710550684
-1.0,2024-04-17,27.794348526338432,0.0,0.0521579955975288,0.10119296623382866,0.07038760611263613,0.1619891093472712
-1.0,2024-04-18,27.79590511574732,0.0,0.09455715568490355,0.09258838393686145,0.054765073878591634,0.22349258473948938
-1.0,2024-04-19,27.7974617051562,0.0,0.07638505545431498,0.0993304231587737,0.046830045182558636,0.2031454914189305
-1.0,2024-04-20,27.799018294565084,0.0,0.09964823980596502,0.07840071038724317,0.07258198802386383,0.17879453426759923
-1.0,2024-04-21,27.80057488397397,0.0,0.05368982823676994,0.10684368724720912,0.07692987290661654,0.19928195845328248
-0.99,2024-04-22,27.80213147338285,0.0,0.07769271422006604,0.11313985387716143,0.055781367188167494,0.1799942069777023
-0.99,2024-04-23,27.803688062791736,0.0,0.09846512678095497,0.08083699000453878,0.07224163020111568,0.2096081955238306
-0.99,2024-04-24,27.805244652200617,0.0,0.07615489220850745,0.07478572777600809,0.05975654538057516,0.19338439228552445
-0.99,2024-04-25,27.806801241609502,0.0,0.08146993190676312,0.07118192930231682,0.07566034416413088,0.16644055290788787
-0.99,2024-04-26,27.808357831018387,0.0,0.08478743444923087,0.1020985750221633,0.04996076374470265,0.1616583074555697
-0.99,2024-04-27,27.80991442042727,0.0,0.07272705323838866,0.10035470180443903,0.08451075013180873,0.20466956820721305
-0.98,2024-04-28,27.81147100983616,0.0,0.08137790400420318,0.0973348706357035,0.05437047982327899,0.24024130332861032
-0.98,2024-04-29,27.81302759924504,0.0,0.07921571559615502,0.08159735480579877,0.058389299387807646,0.18439576865576854
-0.98,2024-04-30,27.81458418865392,0.0,0.09505790052454943,0.08954529979527573,0.042904597604017485,0.22330001072226233
-0.98,2024-05-01,27.8161407780628,0.0,0.05227231901707289,0.09972381675930864,0.04557561061606382,0.2158661354939767
-0.98,2024-05-02,27.817697367471688,0.0,0.06404815947961151,0.09483834294295848,0.0657930951356164,0.24315549143094808
-0.98,2024-05-03,27.819253956880573,0.0,0.09752057420382794,0.11938927601074438,0.05337963383639858,0.2320981017299141
-0.98,2024-05-04,27.82081054628945,0.0,0.09451318919454582,0.07682198762783665,0.08177401128710972,0.2066605258905463
-0.97,2024-05-05,27.82236713569834,0.0,0.07278283763928564,0.10475722770237969,0.04073466943274769,0.2157030498234107
-0.97,2024-05-06,27.82392372510722,0.0,0.08100662989007683,0.09021593840521461,0.05895470243359681,0.23983864665840346
-0.97,2024-05-07,27.825480314516103,0.0,0.06386905914905663,0.09140998074628072,0.05686727733845463,0.1899518784586935
-0.97,2024-05-08,27.82703690392499,0.0,0.05940605798618807,0.10587988828290879,0.04096638154588005,0.1826794705857777
-0.97,2024-05-09,27.82859349333388,0.0,0.0731849202469991,0.10462180756621849,0.046218419950025506,0.15108110836351965
-0.97,2024-05-10,27.83015008274276,0.0,0.06766761140130265,0.11956279968510941,0.06068213374593177,0.2326551074191464
-0.96,2024-05-11,27.83170667215164,0.0,0.0791828055925436,0.07641971447270626,0.06464322922237234,0.23009807004033647
-0.96,2024-05-12,27.833263261560525,0.0,0.05388673184824925,0.07520548246920832,0.06021448736274346,0.16044545181001513
-0.96,2024-05-13,27.834819850969406,0.0,0.09871974038330832,0.10621694085643703,0.06654688392060469,0.20768573811327
-0.96,2024-05-14,27.83637644037829,0.0,0.09931053722398016,0.09891934585032044,0.06975658374528407,0.1963981698166888
-0.96,2024-05-15,27.837933029787177,0.0,0.08490808570098725,0.08370803332799029,0.04049619105639178,0.16187090955091113
-0.96,2024-05-16,27.83948961919606,0.0,0.07680481831720601,0.07397096844944934,0.06320475797267519,0.24805682270607235
-0.96,2024-05-17,27.841046208604944,0.0,0.06547638081431639,0.07428291247982152,0.08817496204437941,0.1714695887463355
-0.95,2024-05-18,27.842602798013825,0.0,0.09068975098534744,0.11470954373320592,0.06595161400647744,0.1567234180090561
-0.95,2024-05-19,27.84415938742271,0.0,0.08423655862769397,0.07959336623593716,0.07387711337294765,0.2094847379501909
-0.95,2024-05-20,27.845715976831592,0.0,0.05813084696724456,0.08616857810577604,0.05559319289584416,0.22388666771330326
-0.95,2024-05-21,27.84727256624048,0.0,0.09554635922469212,0.0813328201113494,0.07869956890763813,0.1532443446047187
-0.95,2024-05-22,27.84882915564936,0.0,0.09112686214615844,0.08774981529159687,0.07864607409380577,0.21587176387270218
-0.95,2024-05-23,27.850385745058244,0.0,0.0974899956645962,0.07347119213730467,0.06606480238270694,0.20322918759514544
-0.94,2024-05-24,27.85194233446713,0.0,0.08628597541941799,0.09595298954541352,0.0888006911639607,0.16032650088750483
-0.94,2024-05-25,27.85349892387601,0.0,0.08067075979678949,0.07338062817961075,0.04627751073813267,0.1672523876946362
-0.94,2024-05-26,27.855055513284896,0.0,0.07091215181453095,0.11001782539111807,0.04084738324447905,0.20679742973160806
-0.94,2024-05-27,27.856612102693777,0.0,0.09663642416770069,0.08168560409552166,0.0785079105878548,0.17963576135132886
-0.94,2024-05-28,27.858168692102662,0.0,0.09330319447502042,0.09700059573022551,0.08035777686824412,0.2438315728651316
-0.94,2024-05-29,27.859725281511547,0.0,0.05226093350530947,0.11400395437807292,0.04601036145602881,0.2318740229484051
-0.93,2024-05-30,27.86128187092043,0.0,0.05131834872486259,0.10254386845235972,0.0532791416479303,0.24835672065136633
-0.93,2024-05-31,27.86283846032932,0.0,0.06882316834390248,0.09664788932756675,0.040877618168331444,0.1759670838950414
-0.93,2024-06-01,27.8643950497382,0.0,0.09052766653909164,0.08621668765576879,0.05466543053902824,0.2469723632797977
-0.93,2024-06-02,27.86595163914708,0.0,0.09936380646574722,0.0866500956529099,0.07865709369593357,0.1931233869791558
-0.93,2024-06-03,27.86750822855597,0.0,0.057520844555176406,0.1034743477599095,0.06589802638562894,0.18475187953137548
-0.93,2024-06-04,27.869064817964848,0.0,0.07970653576760676,0.1197069680610584,0.05740477965841441,0.15503495269693532
-0.93,2024-06-05,27.870621407373733,0.0,0.06904454283155108,0.10309195949246894,0.058586964745316515,0.15527652578596027
-0.92,2024-06-06,27.87217799678261,0.0,0.09849571989073017,0.09788917086850124,0.040067681285773406,0.21920112559466548
-0.92,2024-06-07,27.8737345861915,0.0,0.09210594615678544,0.10653252551196231,0.054990026378261794,0.1957928994434028
-0.92,2024-06-08,27.87529117560038,0.0,0.0919164352355569,0.09326028061418593,0.07232293708189652,0.17265216260361058
-0.92,2024-06-09,27.876847765009263,0.0,0.0734346579897485,0.07300711713003927,0.08870972219081785,0.21139703063252327
-0.92,2024-06-10,27.87840435441815,0.0,0.07074097511688326,0.0981148407938955,0.08235304134919497,0.17528581182501113
-0.92,2024-06-11,27.87996094382704,0.0,0.0636703535965353,0.11788126422526903,0.04117974823227646,0.20776317543444225
-0.91,2024-06-12,27.88151753323592,0.0,0.05281877483254635,0.07876514711788299,0.08492803023374197,0.18592087469826904
-0.91,2024-06-13,27.8830741226448,0.0,0.09323611881275266,0.1045002445410333,0.07915992066493129,0.23235522266118191
-0.91,2024-06-14,27.884630712053685,0.0,0.09064505045650388,0.08004668443295283,0.07901880617854902,0.2320696160766779
-0.91,2024-06-15,27.886187301462567,0.0,0.09998588366430651,0.09679138422365406,0.06289978795017857,0.19773503981224008
-0.91,2024-06-16,27.88774389087145,0.0,0.09983184185369527,0.07483382248233598,0.05990026464772513,0.1850819109335016
-0.91,2024-06-17,27.889300480280337,0.0,0.07777158528013138,0.09251854681290926,0.05514578644165963,0.18625597965590943
-0.91,2024-06-18,27.89085706968922,0.0,0.08844937075902554,0.10780816644476231,0.043284742947718294,0.2305714525668218
-0.9,2024-06-19,27.892413659098104,0.0,0.0972382864941214,0.0873785762119491,0.05141176817468496,0.1828179482797612
-0.9,2024-06-20,27.893970248506985,0.0,0.09248236953387057,0.1032455862243609,0.052330181748901236,0.1709059373706846
-0.9,2024-06-21,27.89552683791587,0.0,0.062367405087159884,0.10977249803948645,0.06420385348551008,0.1584688341875307
-0.9,2024-06-22,27.897083427324755,0.0,0.07252720676550467,0.11635889097397262,0.0773722203298347,0.19666931208844085
-0.9,2024-06-23,27.89864001673364,0.0,0.056457970757574756,0.08173210409277268,0.06369049141989733,0.19821320989198415
-0.9,2024-06-24,27.90019660614252,0.0,0.09770255136293611,0.0899657957904654,0.04289222247235803,0.23409087104029072
-0.89,2024-06-25,27.901753195551404,0.0,0.080308731722544,0.07762080066652087,0.08788949004941018,0.1721238696446064
-0.89,2024-06-26,27.90330978496029,0.0,0.06143214027517314,0.11962417510791877,0.08713621595470561,0.18809912736684
-0.89,2024-06-27,27.90486637436917,0.0,0.08358503422029283,0.11635004839621477,0.07925947715742042,0.23084057388936907
-0.89,2024-06-28,27.906422963778056,0.0,0.0809064120228948,0.09699785651402798,0.08956639507821103,0.2323623610748973
-0.89,2024-06-29,27.90797955318694,0.0,0.06790813590164203,0.11210166471882108,0.06722411664001315,0.1884611075978768
-0.89,2024-06-30,27.909536142595822,0.0,0.05567787960998145,0.09604789886360211,0.0881384175126603,0.19591240232866808
-0.89,2024-07-01,27.911092732004708,0.0,0.08357865977963998,0.101179284400138,0.04378025203083754,0.1803285890849283
-0.88,2024-07-02,27.91264932141359,0.0,0.07601538504518966,0.07445622160580083,0.05828403741306856,0.2432554878419312
-0.88,2024-07-03,27.914205910822474,0.0,0.08861591958678197,0.10776352102484038,0.051269063400338294,0.16186437657415803
-0.88,2024-07-04,27.91576250023136,0.0,0.07600817505559966,0.07638567418176173,0.049791654206713505,0.243374942300147
-0.88,2024-07-05,27.91731908964024,0.0,0.092609075015927,0.11130338151262642,0.047040147444633806,0.21838664518353434
-0.88,2024-07-06,27.91887567904913,0.0,0.07759534193872428,0.1091014043835193,0.07112068207829983,0.2031572152686731
-0.88,2024-07-07,27.920432268458008,0.0,0.0780468985767693,0.10543723488714882,0.07906609278736526,0.1532659060784496
-0.87,2024-07-08,27.921988857866893,0.0,0.09383268013291725,0.07180801902623811,0.06891491997101802,0.1975596191822008
-0.87,2024-07-09,27.92354544727577,0.0,0.07017414331061986,0.08515641779726643,0.04734813547941049,0.1907748105002732
-0.87,2024-07-10,27.92510203668466,0.0,0.05670076142253204,0.08315562849554214,0.08055618849667355,0.16612188119751228
-0.87,2024-07-11,27.92665862609354,0.0,0.05143913381566695,0.08800682037357595,0.07179773535818643,0.2156409603500657
-0.87,2024-07-12,27.928215215502423,0.0,0.08775686278368096,0.07438213733819193,0.05940828530634978,0.2471150907368285
-0.87,2024-07-13,27.92977180491131,0.0,0.08101547756767323,0.11684789115155313,0.07370651477680315,0.2062188811064525
-0.86,2024-07-14,27.9313283943202,0.0,0.08520398840496118,0.0976901120356188,0.05299524896214164,0.22147532764439457
-0.86,2024-07-15,27.93288498372908,0.0,0.06064820807544554,0.08527621553290117,0.057259610424710526,0.15684504525660167
-0.86,2024-07-16,27.93444157313796,0.0,0.05681857377933849,0.08984907585371417,0.08587429215659952,0.19176669958169948
-0.86,2024-07-17,27.935998162546845,0.0,0.050727233283394096,0.0923601270252418,0.05452522528357101,0.1616358485164496
-0.86,2024-07-18,27.93755475195573,0.0,0.06752937794032984,0.10002971666803089,0.06349941340789683,0.21127958355365103
-0.86,2024-07-19,27.93911134136461,0.0,0.07949588434273165,0.09578397138482489,0.08450705686980073,0.24384821582141544
-0.86,2024-07-20,27.940667930773497,0.0,0.06961220225498661,0.11596959866072086,0.07538606751337637,0.21617777324716386
-0.85,2024-07-21,27.94222452018238,0.0,0.07187374610118645,0.09484817414529152,0.04311016130823514,0.15768030483144216
-0.85,2024-07-22,27.943781109591264,0.0,0.09520793472468743,0.11960790074116562,0.04736515221394852,0.1854666204985083
-0.85,2024-07-23,27.945337699000145,0.0,0.06741277335116501,0.11257124788725478,0.04039207953859584,0.20506633794408521
-0.85,2024-07-24,27.94689428840903,0.0,0.07569947445799054,0.08042552571786679,0.07154608951145817,0.1903207756133252
-0.85,2024-07-25,27.948450877817915,0.0,0.08918265063705716,0.11652976073219579,0.06238367127052091,0.23336440104751724
-0.85,2024-07-26,27.9500074672268,0.0,0.0698271391160635,0.0758183198942738,0.04671374254511378,0.23146710047099892
-0.84,2024-07-27,27.95156405663568,0.0,0.08110433501139368,0.11087248542455959,0.08789670605283852,0.21118310201032214
-0.84,2024-07-28,27.953120646044564,0.0,0.09311818543733724,0.089031164673829,0.066482986197281,0.18734579451327046
-0.84,2024-07-29,27.95467723545345,0.0,0.0974760311828821,0.11389871602225349,0.05209466470564446,0.1755336373763244
-0.84,2024-07-30,27.95623382486233,0.0,0.0573536740464519,0.11340283450537252,0.06503017855773537,0.16058743182131294
-0.84,2024-07-31,27.957790414271216,0.0,0.09632938125807472,0.11029627000588108,0.07398101663675538,0.18548976834865538
-0.84,2024-08-01,27.9593470036801,0.0,0.0746058146539769,0.1095015218153531,0.04381196089867822,0.191317251720772
-0.84,2024-08-02,27.960903593088982,0.0,0.06291221941494791,0.08523395695490203,0.0537351907523946,0.2175822925104074
-0.83,2024-08-03,27.962460182497868,0.0,0.07295678781191307,0.07404596415256261,0.08034827454419968,0.21581598242975733
-0.83,2024-08-04,27.96401677190675,0.0,0.09900162876427383,0.09014900893825807,0.06298324352013306,0.1570108139641257
-0.83,2024-08-05,27.965573361315634,0.0,0.07463090469964348,0.07867622574932544,0.06732885710161475,0.18952593154311576
-0.83,2024-08-06,27.96712995072452,0.0,0.06643758051437541,0.1047475544451231,0.061640800110473466,0.1681778867217362
-0.83,2024-08-07,27.9686865401334,0.0,0.08167004271583629,0.08730498632688928,0.042194997132150254,0.16568127053168058
-0.83,2024-08-08,27.97024312954229,0.0,0.06200728093890965,0.11878051004299575,0.0482874889910078,0.2327302149737246
-0.82,2024-08-09,27.971799718951168,0.0,0.05379316640543319,0.10204860386726661,0.062277081937094546,0.15419152167162575
-0.82,2024-08-10,27.973356308360053,0.0,0.056443986095532465,0.11112402818171804,0.05045927327039639,0.19191828759021207
-0.82,2024-08-11,27.97491289776893,0.0,0.05640229194788862,0.07662623363709242,0.04249895143298394,0.16682036557665184
-0.82,2024-08-12,27.97646948717782,0.0,0.057595134675614716,0.11310072411363112,0.08218248320259118,0.2379330215678474
-0.82,2024-08-13,27.978026076586705,0.0,0.05694135863247051,0.11613785952566973,0.0890596264582058,0.20570405132750352
-0.82,2024-08-14,27.979582665995583,0.0,0.08204373724016073,0.0943530959409468,0.07965714369983698,0.1731380636376848
-0.82,2024-08-15,27.98113925540447,0.0,0.05909400421995724,0.10031264688754889,0.08268924608523334,0.20024272871663765
-0.81,2024-08-16,27.98269584481336,0.0,0.06728336416619315,0.10824049004514975,0.05209885651585226,0.2231486359703116
-0.81,2024-08-17,27.98425243422224,0.0,0.0948394204953006,0.07874193136302063,0.08803134877565999,0.2458118008919434
-0.81,2024-08-18,27.98580902363112,0.0,0.07369808201314362,0.09512830382317213,0.04984628522267142,0.1720446004245419
-0.81,2024-08-19,27.987365613040005,0.0,0.08337788692605136,0.08993315138861566,0.08757149051809161,0.23861817721293452
-0.81,2024-08-20,27.98892220244889,0.0,0.05861599356008149,0.07731869960811245,0.08974096469829755,0.24343041141674904
-0.81,2024-08-21,27.99047879185777,0.0,0.05961445094043354,0.08837672111457658,0.07558614028730244,0.24164205445320663
-0.8,2024-08-22,27.992035381266657,0.0,0.05204343081332395,0.07340861546927467,0.0890571865895911,0.21354143568619097
-0.8,2024-08-23,27.99359197067554,0.0,0.058446753153608234,0.07129059534747434,0.06847698897835519,0.2129820654434708
-0.8,2024-08-24,27.995148560084424,0.0,0.06392951695159793,0.07675831445774114,0.052977089158804516,0.19032106331838228
-0.8,2024-08-25,27.996705149493305,0.0,0.058850524213837345,0.11815575557945869,0.06184979428328104,0.22523978823037877
-0.8,2024-08-26,27.99826173890219,0.0,0.054435126687852775,0.09747647679475084,0.0696780467689393,0.2031294018350932
-0.8,2024-08-27,27.99981832831108,0.0,0.05603179355503004,0.11829110805766099,0.04365407810135075,0.21774380712282945
-0.79,2024-08-28,28.00137491771996,0.0,0.07303893840163629,0.09162489391650659,0.0711171632308623,0.1928457903848796
-0.79,2024-08-29,28.00293150712884,0.0,0.060316685920289624,0.08559080665426297,0.08905889183811473,0.2231496464043139
-0.79,2024-08-30,28.004488096537724,0.0,0.06821349305240378,0.09530709314201219,0.04950538248918638,0.23244715176045494
-0.79,2024-08-31,28.00604468594661,0.0,0.07517086354274284,0.09197558443164552,0.07962975581441917,0.16464362566028162
-0.79,2024-09-01,28.00760127535549,0.0,0.08451974143146826,0.0752832342130872,0.08539493968898097,0.2332929715574228
-0.79,2024-09-02,28.009157864764376,0.0,0.05196560699205495,0.10204131573451032,0.08718507964101105,0.2040296531790307
-0.79,2024-09-03,28.01071445417326,0.0,0.08997051994545213,0.08080190912547998,0.08800678022027236,0.23446659090902244
-0.78,2024-09-04,28.012271043582142,0.0,0.08139501947454539,0.10097939774489148,0.0660729819360736,0.19313017063410143
-0.78,2024-09-05,28.013827632991028,0.0,0.054087951597443604,0.10251005461990767,0.08886539539957519,0.1879040485383035
-0.78,2024-09-06,28.01538422239991,0.0,0.09367893120533886,0.07760124265643241,0.07786551035672194,0.24150607325172221
-0.78,2024-09-07,28.016940811808794,0.0,0.09604362002659066,0.0730674813555334,0.048083571811848094,0.17511692675484014
-0.78,2024-09-08,28.01849740121768,0.0,0.05305389799274319,0.109038079303422,0.0638450053233985,0.2344212325286143
-0.78,2024-09-09,28.02005399062656,0.0,0.06384388240736018,0.092990021188466,0.0759165587686002,0.1984020572509404
-0.77,2024-09-10,28.021610580035446,0.0,0.09031006398965308,0.07290818977527379,0.052367015790954166,0.201409544255126
-0.77,2024-09-11,28.023167169444328,0.0,0.08741298451918292,0.11974331585848835,0.07203075917744436,0.1808468281489484
-0.77,2024-09-12,28.024723758853213,0.0,0.05922605096781887,0.07288902804981832,0.07333002395233096,0.2073042200619016
-0.77,2024-09-13,28.02628034826209,0.0,0.060467466166835515,0.10475176144292767,0.048134987190428295,0.18252111962762113
-0.77,2024-09-14,28.02783693767098,0.0,0.0685236051395691,0.11918394626317068,0.06825426562263781,0.15392694142416524
-0.77,2024-09-15,28.029393527079865,0.0,0.07422614925955107,0.08195900521079628,0.07858134554893038,0.1771998605344356
-0.77,2024-09-16,28.030950116488743,0.0,0.0809127385765148,0.07711246843435982,0.0649447832267971,0.1506379043406591
-0.76,2024-09-17,28.03250670589763,0.0,0.06844568197848862,0.07606924697112144,0.04060515583880537,0.24783547870568565
-0.76,2024-09-18,28.03406329530652,0.0,0.07312673580665739,0.08516375737837978,0.04045192345396461,0.2465747209819748
-0.76,2024-09-19,28.0356198847154,0.0,0.08737354690668783,0.07505229055053234,0.05785146719850061,0.1895155297472305
-0.76,2024-09-20,28.03717647412428,0.0,0.05183416014452989,0.10460806708470659,0.0863097034215891,0.2228370854339646
-0.76,2024-09-21,28.038733063533165,0.0,0.06262184721720104,0.07311458990650313,0.05143383898018044,0.1845806098410425
-0.76,2024-09-22,28.04028965294205,0.0,0.08566747929422762,0.09547110640748949,0.07171818444358435,0.21710931570859762
-0.75,2024-09-23,28.04184624235093,0.0,0.09476034188435996,0.11983484269264884,0.05110379353466603,0.2305430043045979
-0.75,2024-09-24,28.043402831759817,0.0,0.07558387210578331,0.11069851347530091,0.05608349948297744,0.24467562446922406
-0.75,2024-09-25,28.0449594211687,0.0,0.07660567426326578,0.10076097191155055,0.08240210448007419,0.1900212275849672
-0.75,2024-09-26,28.046516010577584,0.0,0.0553586005669888,0.08531268103933058,0.07644307211349735,0.22832979829560482
-0.75,2024-09-27,28.04807259998647,0.0,0.07237061834117274,0.10119479181458192,0.04476996386566053,0.17659284506321188
-0.75,2024-09-28,28.04962918939535,0.0,0.07663086332275115,0.09635207319558257,0.06143510104932168,0.24903323037936484
-0.75,2024-09-29,28.05118577880424,0.0,0.06212352518173648,0.09130416919451856,0.04145848818226322,0.1525769598764351
-0.74,2024-09-30,28.05274236821312,0.0,0.06346216154746906,0.07653551883700997,0.06404450733015045,0.2103528806501121
-0.74,2024-10-01,28.054298957622,0.0,0.06886420815523113,0.11433021076202333,0.0731217005850534,0.2159505981651327
-0.74,2024-10-02,28.055855547030884,0.0,0.05100355988888632,0.09248923244106612,0.045925131179907576,0.21880455570741286
-0.74,2024-10-03,28.05741213643977,0.0,0.06610395827915892,0.07973112559103826,0.05444424694545828,0.1620387578789089
-0.74,2024-10-04,28.05896872584865,0.0,0.06057240034982723,0.08838796754386448,0.059891831275107846,0.24385297834731304
-0.74,2024-10-05,28.060525315257536,0.0,0.06637486760889574,0.09070648762644636,0.08597655123280248,0.16811832790500827
-0.73,2024-10-06,28.06208190466642,0.0,0.05598810659096256,0.11137689477834371,0.0896627507711482,0.21227534032398412
-0.73,2024-10-07,28.063638494075303,0.0,0.09452636403699476,0.1066807190280701,0.0422455649497808,0.1722676079123085
-0.73,2024-10-08,28.065195083484188,0.0,0.07967962267770244,0.108465244682067,0.0780503961747696,0.1807216417021271
-0.73,2024-10-09,28.06675167289307,0.0,0.08395511595722449,0.07055156322143237,0.05858620332011716,0.20464585417281245
-0.73,2024-10-10,28.068308262301954,0.0,0.08945856193036691,0.09080769990898808,0.059622909311473994,0.19171934185645764
-0.73,2024-10-11,28.06986485171084,0.0,0.07492210994645286,0.09406720758176618,0.07771324866735113,0.16602256009765065
-0.72,2024-10-12,28.07142144111972,0.0,0.05434601440437118,0.07095961384115283,0.08592132160727044,0.16709364024208484
-0.72,2024-10-13,28.072978030528606,0.0,0.07685532709092738,0.08299066043725171,0.08754642972512743,0.19181447881628
-0.72,2024-10-14,28.074534619937488,0.0,0.07934205590104396,0.10801449115610676,0.06885612930191604,0.22572829782755008
-0.72,2024-10-15,28.076091209346373,0.0,0.08727197370921651,0.07685548528644995,0.05785605796502514,0.23979646468477891
-0.72,2024-10-16,28.07764779875525,0.0,0.07158297731148397,0.09676550657262958,0.07937745429293895,0.15841276622593828
-0.72,2024-10-17,28.07920438816414,0.0,0.05637901513977819,0.08076009360086188,0.05255006916311502,0.1893103907559401
-0.72,2024-10-18,28.080760977573025,0.0,0.06418879528993623,0.07060603873219466,0.0682037014416759,0.16002455637228766
-0.71,2024-10-19,28.082317566981907,0.0,0.06815411481993176,0.08206007287997708,0.05792892307624366,0.15165924806325978
-0.71,2024-10-20,28.08387415639079,0.0,0.08229586206658006,0.11879368774550268,0.0728315536853938,0.21617186826439566
-0.71,2024-10-21,28.08543074579968,0.0,0.0785389152334456,0.1100768555941495,0.05201994564467534,0.2102449441966588
-0.71,2024-10-22,28.08698733520856,0.0,0.06780483629489231,0.11797883221605165,0.04957964728674129,0.16630191138148862
-0.71,2024-10-23,28.088543924617444,0.0,0.099325762439649,0.09439270219631812,0.08591195433377186,0.1733812833093064
-0.71,2024-10-24,28.090100514026325,0.0,0.08028874096784437,0.07548680993387517,0.04509018414747685,0.15237077536445184
-0.7,2024-10-25,28.09165710343521,0.0,0.06186133958679973,0.09739797444868463,0.06529789538674659,0.23349472056944043
-0.7,2024-10-26,28.09321369284409,0.0,0.055089123631020184,0.09271886672799805,0.051042639148150444,0.24746905960485516
-0.7,2024-10-27,28.094770282252977,0.0,0.0576429569592166,0.11221785413698081,0.041946498166283375,0.16354595367946909
-0.7,2024-10-28,28.09632687166186,0.0,0.0622978864192254,0.07490412903921223,0.04180094091457132,0.17314752137652978
-0.7,2024-10-29,28.097883461070744,0.0,0.05803406866297778,0.09441205685108893,0.04876108860529137,0.23684095239469344
-0.7,2024-10-30,28.09944005047963,0.0,0.059328351202565285,0.07750243323469921,0.08333851772530002,0.24264637979561848
-0.7,2024-10-31,28.10099663988851,0.0,0.06425475843469235,0.086233796344503,0.05412393719885133,0.19196273828068103
-0.69,2024-11-01,28.1025532292974,0.0,0.05866867976473774,0.10686785386938998,0.08752295852876478,0.1550622472269074
-0.69,2024-11-02,28.10410981870628,0.0,0.09483827123132126,0.09380090646843832,0.06908111464945968,0.15393918336928192
-0.69,2024-11-03,28.10566640811516,0.0,0.05401168728308211,0.08879441425728846,0.06183070948843831,0.20739498660690106
-0.69,2024-11-04,28.107222997524044,0.0,0.07622556947851274,0.08972381392850177,0.06900444173347273,0.1892895108893179
-0.69,2024-11-05,28.10877958693293,0.0,0.07051984134948308,0.09297233842029932,0.0658349192613134,0.15286524275776545
-0.69,2024-11-06,28.11033617634181,0.0,0.09911893084543032,0.10925082719185283,0.07793881268786626,0.20832523923125568
-0.68,2024-11-07,28.111892765750696,0.0,0.05560194510840262,0.1146042344470117,0.05412480329864261,0.15113025365890226
-0.68,2024-11-08,28.11344935515958,0.0,0.06989277995228708,0.11776673432519642,0.05765251958001512,0.22873719581492727
-0.68,2024-11-09,28.115005944568463,0.0,0.09847352166376844,0.10934516931276475,0.08470471512666254,0.1806432822703372
-0.68,2024-11-10,28.116562533977348,0.0,0.09327535629469899,0.08577034478740063,0.08732282565752028,0.15402580030092322
-0.68,2024-11-11,28.11811912338624,0.0,0.090853603547464,0.10440673530432709,0.08462791137432372,0.20883522209831532
-0.68,2024-11-12,28.119675712795114,0.0,0.062895141352247,0.0918801562027696,0.060972399697865685,0.18976844144330549
-0.68,2024-11-13,28.121232302204,0.0,0.05854437936950329,0.08273353110230255,0.07901827515034408,0.24738004133571495
-0.67,2024-11-14,28.12278889161288,0.0,0.08343216099622154,0.11204357897129612,0.06381678666505494,0.2044198662503702
-0.67,2024-11-15,28.124345481021766,0.0,0.09646879945637928,0.07192131744811625,0.06487699260730512,0.17752391810370083
-0.67,2024-11-16,28.125902070430648,0.0,0.0778381446506965,0.11508809960677115,0.050234005452864196,0.2209438864633975
-0.67,2024-11-17,28.127458659839533,0.0,0.07858063447349499,0.09307387323123673,0.06955651516292582,0.17714920025427114
-0.67,2024-11-18,28.12901524924842,0.0,0.06399895468301421,0.10186007384041403,0.0493067948876674,0.24042432914075654
-0.67,2024-11-19,28.1305718386573,0.0,0.08847464665959685,0.10296769611028912,0.05657823495335969,0.18747219705073764
-0.66,2024-11-20,28.132128428066185,0.0,0.05935218742787617,0.1147558870353268,0.08275151008099677,0.2049868562776205
-0.66,2024-11-21,28.133685017475067,0.0,0.06618396182021219,0.10183348410836036,0.050353790460542766,0.15505731038242287
-0.66,2024-11-22,28.13524160688395,0.0,0.07127182193082084,0.10069667923800309,0.043557914258671636,0.19261212379522308
-0.66,2024-11-23,28.13679819629284,0.0,0.07538051893422275,0.0733326020280345,0.043450379630640815,0.2332363539660995
-0.66,2024-11-24,28.13835478570172,0.0,0.06212048662075401,0.0959204010972602,0.0870392260251554,0.2305648805363342
-0.66,2024-11-25,28.139911375110604,0.0,0.05574184123696018,0.07750845004085209,0.06534602189809173,0.17243185588535262
-0.65,2024-11-26,28.141467964519485,0.0,0.08053100212208163,0.10687168843607428,0.06047060359085092,0.17260790710105628
-0.65,2024-11-27,28.14302455392837,0.0,0.06443152766201278,0.09561109604063373,0.08054392905039592,0.2317305312213237
-0.65,2024-11-28,28.14458114333725,0.0,0.07906191107113061,0.10401138896041766,0.08179129639552579,0.24303984201693257
-0.65,2024-11-29,28.146137732746137,0.0,0.05771813576371012,0.07208364503011921,0.05660955165578023,0.15953609212730036
-0.65,2024-11-30,28.14769432215502,0.0,0.07405700509274087,0.07423960080229015,0.07468090287368977,0.19500586394262248
-0.65,2024-12-01,28.149250911563904,0.0,0.0766294716275793,0.10581616940313411,0.07855614079259433,0.1837454278964229
-0.65,2024-12-02,28.15080750097279,0.0,0.05259117684112134,0.07360421679993367,0.07273253434329773,0.23706884554574395
-0.64,2024-12-03,28.15236409038167,0.0,0.06683021390969603,0.07356283638826293,0.04757975374000497,0.15835249146800187
-0.64,2024-12-04,28.15392067979056,0.0,0.056720733846948715,0.07060542376174438,0.08379415417585286,0.17111259425580375
-0.64,2024-12-05,28.15547726919944,0.0,0.053168748523638384,0.117825069914974,0.06695472763680044,0.22524683375864943
-0.64,2024-12-06,28.15703385860832,0.0,0.09949801161949727,0.10687541797295035,0.05412362131850018,0.15512938489812156
-0.64,2024-12-07,28.158590448017208,0.0,0.06611769224873615,0.08766257042510321,0.06126140927188469,0.19925353807142887
-0.64,2024-12-08,28.16014703742609,0.0,0.09049372229273174,0.08482677906438277,0.04187855451994537,0.194210703467972
-0.63,2024-12-09,28.16170362683497,0.0,0.0627320327381882,0.08748516148729248,0.046393340061120884,0.18344011789887488
-0.63,2024-12-10,28.163260216243856,0.0,0.08407513611119646,0.10873267655905909,0.07827733752579304,0.1894572315318924
-0.63,2024-12-11,28.16481680565274,0.0,0.08801139299448432,0.1030685305535207,0.04000058173776831,0.20299405869302328
-0.63,2024-12-12,28.166373395061623,0.0,0.07978193703039221,0.07925977839337339,0.060828291424114604,0.1661367358388383
-0.63,2024-12-13,28.167929984470508,0.0,0.07357880942750791,0.07870546676670422,0.06612550905427943,0.2071995878283593
-0.63,2024-12-14,28.1694865738794,0.0,0.07059204570736342,0.07491978248566986,0.042731721000048614,0.23054323292999862
-0.63,2024-12-15,28.171043163288275,0.0,0.06744341332714977,0.1030151359850669,0.08865390814861664,0.2260160929790159
-0.62,2024-12-16,28.17259975269716,0.0,0.09647645721239127,0.1082186331110868,0.0513062665624836,0.16538999046937738
-0.62,2024-12-17,28.17415634210604,0.0,0.09153097038938646,0.08325232141625019,0.05520993598181404,0.1649249469741474
-0.62,2024-12-18,28.175712931514926,0.0,0.09825134553332564,0.07104724805154564,0.05519712561275137,0.17681743677449133
-0.62,2024-12-19,28.177269520923808,0.0,0.056214861174277236,0.07410858337382137,0.0515208331058675,0.18610747263410368
-0.62,2024-12-20,28.178826110332693,0.0,0.08654337376018222,0.11839300174225152,0.04007369110431557,0.19084555814084828
-0.62,2024-12-21,28.18038269974158,0.0,0.09691702284105189,0.08477223887387102,0.07646723970439982,0.2179697216833345
-0.61,2024-12-22,28.18193928915046,0.0,0.05906165330828301,0.10846115739190668,0.08834227498996426,0.1556680432165835
-0.61,2024-12-23,28.183495878559345,0.0,0.05332481336833887,0.10123317844271319,0.05121467416425225,0.15346727042260663
-0.61,2024-12-24,28.185052467968227,0.0,0.08705603246450296,0.08909698198264479,0.0731523595901711,0.1891910562943909
-0.61,2024-12-25,28.18660905737711,0.0,0.0787236556589956,0.08028436310977775,0.07709481634793576,0.21971636921379803
-0.61,2024-12-26,28.188165646786,0.0,0.0920914388379136,0.07606932090797032,0.08242126895452624,0.16934353429564827
-0.61,2024-12-27,28.18972223619488,0.0,0.05698861883131448,0.10075064840194332,0.06113145985068046,0.2141504481256252
-0.6,2024-12-28,28.191278825603764,0.0,0.08976336559299451,0.10873168903188939,0.05514654528202147,0.17598281379402997
-0.6,2024-12-29,28.192835415012645,0.0,0.06008136600238722,0.10219521267705652,0.05626475670115155,0.2386086108813516
-0.6,2024-12-30,28.19439200442153,0.0,0.058182797143285225,0.09651510666245793,0.07563106665492564,0.23956899442666163
-0.6,2024-12-31,28.19594859383041,0.0,0.05821328989654965,0.07209756117158181,0.0808389733252818,0.17972872042813265
-0.6,2025-01-01,28.197505183239297,0.0,0.09072873601156911,0.1184244388797192,0.04908069838783013,0.17299937539632407
-0.91,2025-01-02,27.88367955580005,0.0,0.08325986103481,0.10993570958272873,0.05854705040788826,0.1911303972066232
-0.62,2025-01-03,28.172480275623947,0.0,0.07615327123845597,0.08464110183504825,0.0850970098374575,0.17405315851801487
-0.75,2025-01-04,28.04827714280161,0.0,0.06794152420617514,0.11899851646794257,0.08033467598473697,0.21723838432917042
-0.79,2025-01-05,28.00310147719361,0.0,0.09386002704065542,0.10009407948181612,0.0892429201381238,0.23260646845482857
-0.71,2025-01-06,28.08233947223712,0.0,0.06962225537113177,0.09912113291036233,0.07771241298410404,0.21730921309112172
-0.71,2025-01-07,28.09122066749076,0.0,0.09082997197357885,0.1074036589714766,0.05965976005139612,0.23243504472493495
-0.81,2025-01-08,27.98462432422773,0.0,0.07195674542851092,0.11058848940450688,0.06953189169973188,0.18969921622074745
-0.66,2025-01-09,28.132503826824987,0.0,0.06884722147124538,0.10282393036657511,0.07305071271236602,0.1656316970708861
-0.6,2025-01-10,28.19359801083284,0.0,0.07313398928348032,0.07640478731831,0.0439227908158562,0.22379509473975917
-0.74,2025-01-11,28.05792877936406,0.0,0.0650688937082071,0.08691337529972491,0.06722484795519325,0.1860474505141554
-0.57,2025-01-12,28.22990389689007,0.0,0.08738046900881255,0.11640418201630248,0.07546604142363049,0.21712708252291318
-0.55,2025-01-13,28.242846864957887,0.0,0.07513601950462397,0.08123078059219259,0.04836606520005302,0.17706439419817657
-0.62,2025-01-14,28.17316690872363,0.0,0.06161063475734087,0.08860835119187567,0.07903158587127786,0.15812296348066726
-0.49,2025-01-15,28.30258317204456,0.0,0.09497872866372845,0.0916038441472098,0.06918863902570559,0.24925817954877635
-0.59,2025-01-16,28.203644139264007,0.0,0.06919456106866058,0.0919702494847226,0.08761108928487973,0.16562015079305992
-0.48,2025-01-17,28.315125617565226,0.0,0.07717764305569942,0.10064697912472628,0.042121114910344586,0.2488420993963481
-0.43,2025-01-18,28.37102762094885,0.0,0.09532360554822736,0.11715379188723542,0.05326630687777335,0.24772799325664482
-0.46,2025-01-19,28.339212953689497,0.0,0.08121189979569961,0.08203463559162524,0.07007769396499121,0.229381810390804
-0.51,2025-01-20,28.286808755235302,0.0,0.055844902035418205,0.0760750688150459,0.05482799561029653,0.21594229620819974
-0.55,2025-01-21,28.248856707009573,0.0,0.09699160618067376,0.07987352449299687,0.07572120820356211,0.20778070502510845
-0.4,2025-01-22,28.39677809424801,0.0,0.0813854026535709,0.11434624501046346,0.07795026412609654,0.23661015453778345
-0.53,2025-01-23,28.261844159551355,0.0,0.06674528073285431,0.1022905406327603,0.04512579820332372,0.1789439521619488
-0.33,2025-01-24,28.465908507948008,0.0,0.05696360363316936,0.08429533946195801,0.06569272321033838,0.1967681212484877
-0.39,2025-01-25,28.40293394826157,0.0,0.08970125946351479,0.1107973469484309,0.0654445277795528,0.21193899693665016
-0.48,2025-01-26,28.32036723884369,0.0,0.08100363779642568,0.1130684998181718,0.05846403851077705,0.19111904758694911
-0.47,2025-01-27,28.328278866912083,0.0,0.07667305459881607,0.11232571693451392,0.08664624312848361,0.19274864540902678
-0.49,2025-01-28,28.309879661545786,0.0,0.09469462915254788,0.11594632668197771,0.08137531599366106,0.18302846675020845
-0.49,2025-01-29,28.30593170876074,0.0,0.08942986056122654,0.08261205100866809,0.07486046909548183,0.2064231816684536
-0.3,2025-01-30,28.498742940874504,0.0,0.057583743986637556,0.10775209643731391,0.07571633178674989,0.23505745280151158
-0.28,2025-01-31,28.51991225593578,0.0,0.06558610338977741,0.09302697486370701,0.06308580719065596,0.17015283780063128
-0.49,2025-02-01,28.31019018373844,0.0,0.062424456990723284,0.11209992764450308,0.0860497260548288,0.2434433038753441
-0.46,2025-02-02,28.33208170398376,0.0,0.08719731462863385,0.10642453385808069,0.07472977136266427,0.2189087653748229
-0.29,2025-02-03,28.50925500665391,0.0,0.05167662173678897,0.10882237232498623,0.07644905308279083,0.232327321268003
-0.33,2025-02-04,28.47076060265949,0.0,0.07849448424356582,0.10280809188405358,0.08308454518936725,0.20561906926300122
-0.44,2025-02-05,28.356409018649,0.0,0.08812293428703452,0.07887143847348534,0.05370357946710955,0.22795167014240642
-0.34,2025-02-06,28.456512761966408,0.0,0.09383828183808748,0.09725134594484693,0.08035354519333515,0.15162003973394672
-0.12,2025-02-07,28.67501428271179,0.0,0.06710408743579538,0.11923348697622539,0.0497620301478246,0.2318380424779535
-0.29,2025-02-08,28.503201587165933,0.0,0.09106286523360065,0.11686940332485594,0.05726709761224439,0.15401388590853665
-0.23,2025-02-09,28.563142329765903,0.0,0.05553158684776036,0.07215868678985059,0.05678052271349213,0.23899133763628624
-0.38,2025-02-10,28.41741794894881,0.0,0.09232261458672592,0.07824074078647186,0.08892627341945702,0.2491962747238644
-0.21,2025-02-11,28.59127209400376,0.0,0.05637443311659912,0.07658643867272809,0.08282686118739635,0.17940674621767777
-0.28,2025-02-12,28.51931341554721,0.0,0.06986436452801836,0.10629899549926476,0.07505849307951298,0.17103185562857937
-0.2,2025-02-13,28.599341309793413,0.0,0.08986476828897769,0.11088926649284726,0.07635283808076951,0.22653633638580403
-0.28,2025-02-14,28.514660140021856,0.0,0.05749587136743869,0.0806755683155336,0.06810363972012856,0.17530263409202532
-0.22,2025-02-15,28.576702473352867,0.0,0.06146256976163207,0.09529263464759144,0.08735453335542595,0.23655623831722034
-0.22,2025-02-16,28.58037511818181,0.0,0.08611262841965331,0.11203515140055999,0.06481293764411808,0.16028425921574768
-0.28,2025-02-17,28.52112847421421,0.0,0.08600182682730372,0.10664007723831252,0.05902588549349473,0.16259551963793584
-0.21,2025-02-18,28.586110721469,0.0,0.08205738164426486,0.0971118602745924,0.04815176684657955,0.24791515551006155
-0.25,2025-02-19,28.54623763048869,0.0,0.084697422223355,0.09951738452293864,0.0793102826130529,0.21738388982700044
-0.22,2025-02-20,28.57474380188168,0.0,0.07713622216737981,0.095418027345814,0.07672219660377957,0.23468872244289526
-0.15,2025-02-21,28.6442359995008,0.0,0.06258995294534764,0.08487742256594102,0.05921775192620674,0.1824329377351518
-0.05,2025-02-22,28.74644093670483,0.0,0.06728479967519597,0.09825109964295081,0.041259670697961465,0.21764837495206044
-0.42,2025-02-23,28.37518008245248,0.0,0.05907988584007128,0.10444426510250453,0.08194986638590053,0.20942418273085972
-0.19,2025-02-24,28.60996381209387,0.0,0.0954225280666814,0.1136661457930404,0.04057089917270368,0.21031501201229472
-0.04,2025-02-25,28.751875422568546,0.0,0.07916958973830603,0.1018145676989624,0.07518498898145254,0.2182532459537721
-0.27,2025-02-26,28.522146564589853,0.0,0.070042570838182,0.10805607685215791,0.08851285548630285,0.20753591731290985
-0.14,2025-02-27,28.65165384246036,0.0,0.07310029018220664,0.07800358174772865,0.06188306640741017,0.1929062369302666
-0.21,2025-02-28,28.58962316483319,0.0,0.09736416698059075,0.0930778737209895,0.05174867024979764,0.17759226943805467
-0.08,2025-03-01,28.7155298078416,0.0,0.05766757015580402,0.07046658099135467,0.07524355050216909,0.2268581330913202
0.06,2025-03-02,28.859897961827507,0.0,0.07931149160083986,0.08233394322608115,0.08085640710077925,0.17262724300031862
0.06,2025-03-03,28.859158218901435,0.0,0.0752944339442233,0.10632308575565023,0.06732151580389237,0.21923543061544143
-0.22,2025-03-04,28.57802142676775,0.0,0.08057271177173238,0.11959049756746815,0.0883517637628073,0.17333328226493264
-0.12,2025-03-05,28.67617915515638,0.0,0.05090550919104202,0.0749589049793608,0.04258343608289805,0.2125330169954454
0.05,2025-03-06,28.84883851202826,0.0,0.09360619544720757,0.0900747157930644,0.0652397799152264,0.2247078267129029
-0.02,2025-03-07,28.780471023869087,0.0,0.09660591412418061,0.11000354843495795,0.0759226973661275,0.17187138889065393
0.01,2025-03-08,28.809615159941448,0.0,0.07825665917946044,0.08020178173144495,0.08313202355745895,0.1559943300861308
-0.08,2025-03-09,28.71317678079231,0.0,0.0848325411938446,0.09775424746511431,0.0489627805953895,0.1630973742994174
-0.19,2025-03-10,28.601715036433426,0.0,0.09612496905886478,0.10665356480148375,0.08000017408818408,0.21059969672710255
0.22,2025-03-11,29.012719513758466,0.0,0.08536193171566993,0.10079927251300896,0.06763535378592726,0.23494464062257361
0.06,2025-03-12,28.861049139644933,0.0,0.05762695214571306,0.0794012367307708,0.059827684099498166,0.15449968212354243
0.13,2025-03-13,28.93117045686196,0.0,0.07881441800834066,0.08776922843428697,0.046585751428954686,0.2234151259041646
0.12,2025-03-14,28.921067346360083,0.0,0.08033575231914279,0.10918958922426988,0.08326478794544562,0.18413186459500522
0.23,2025-03-15,29.028549354914592,0.0,0.0712065335651193,0.09771132570660084,0.047863660408985764,0.19785283699195225
-0.01,2025-03-16,28.787803855433047,0.0,0.08682221178123614,0.07026148067714565,0.055489392960454964,0.24288595498455656
0.27,2025-03-17,29.064756369110192,0.0,0.09671835073845077,0.1080495380014047,0.05450227659812184,0.18319715047358448
0.09,2025-03-18,28.88524264809093,0.0,0.0962784256453388,0.07176556774701195,0.08357070170954271,0.1965336933939486
0.31,2025-03-19,29.10462532960527,0.0,0.0725419685702066,0.10728668913656161,0.0736351497104449,0.1513682414760681
0.1,2025-03-20,28.89360427362609,0.0,0.055661902292037754,0.08012402800826188,0.07983406985956862,0.15815987200048384
0.18,2025-03-21,28.9714197568912,0.0,0.09924205994811672,0.11790367400596899,0.05252339493962495,0.1758591591134784
0.51,2025-03-22,29.30702004036116,0.0,0.0919449043222967,0.08839703756510423,0.07124370498034995,0.15278522408210746
0.18,2025-03-23,28.980092377856813,0.0,0.056233134060163344,0.08634658081690395,0.06858729915718743,0.21313753260482507
0.33,2025-03-24,29.124989425019624,0.0,0.09604209413086862,0.07744440251662223,0.08164151883941356,0.19263983568016224
0.35,2025-03-25,29.149482772541816,0.0,0.09349481810310642,0.08528021077451074,0.08530435302406303,0.2048145202728022
0.24,2025-03-26,29.038554140212145,0.0,0.07594190285630362,0.11383253809141002,0.04060783857386934,0.16746471858963297
0.42,2025-03-27,29.21280192052709,0.0,0.07956377178724647,0.11981671688136236,0.07370099595293964,0.17959320294366163
0.49,2025-03-28,29.289216340392887,0.0,0.06995013519350651,0.08841547652534242,0.04259178995598645,0.2163824474852725
0.56,2025-03-29,29.359617832282645,0.0,0.052738081941101564,0.09243053154772711,0.0674429332538678,0.24653027236304
0.28,2025-03-30,29.07361331035928,0.0,0.06675986208229505,0.10610354691013686,0.05438163645218391,0.1550416773602209
0.37,2025-03-31,29.163282492938915,0.0,0.09014267242990057,0.11430978902325371,0.055338829976107055,0.2390384320855266
0.6,2025-04-01,29.40038555123763,0.0,0.05023160115023014,0.0996522167093392,0.05764792517261783,0.20768812013112084
0.66,2025-04-02,29.45411518075407,0.0,0.0666749585845572,0.08957628490889147,0.0710646224524805,0.20639195667556243
0.68,2025-04-03,29.479237739533648,0.0,0.06990843467954717,0.09063109204243121,0.056702498283438464,0.20002785352077604
0.63,2025-04-04,29.42280224827847,0.0,0.07686978014689615,0.10478090732484034,0.07663495252951402,0.15693940859041833
0.93,2025-04-05,29.72549111267772,0.0,0.09599278082063802,0.07016091318021393,0.06022636927869348,0.15898768517361606
0.92,2025-04-06,29.71751699631881,0.0,0.06731729971829807,0.10097946687299204,0.04341766001549793,0.2100912005659086
0.75,2025-04-07,29.546903213600448,0.0,0.06734766009481138,0.08777465052206787,0.07918799212420535,0.18409585714355586
0.81,2025-04-08,29.60774782694753,0.0,0.08687506240548741,0.10970986656385419,0.0542879162296353,0.24172680665776808
0.95,2025-04-09,29.750393751131305,0.0,0.07261089704449035,0.0746495319911566,0.06163834397996314,0.19065905373594724
0.92,2025-04-10,29.71923963662252,0.0,0.06123024114699909,0.09941011334741952,0.07427219416109508,0.1643281458702641
1.0,2025-04-11,29.795255528357785,0.0,0.07262197580663467,0.0940486444943062,0.0566228078574356,0.2214718833502036
1.1,2025-04-12,29.89481401121644,0.0,0.057042851018989996,0.10211627629526138,0.04282928280733578,0.179335342144101
1.0,2025-04-13,29.792685438383256,0.0,0.05881934932531117,0.07324267972414843,0.05869605235064068,0.2025470307355893
1.15,2025-04-14,29.95045039662375,0.0,0.07491838863697399,0.09899918937140656,0.08722242913471517,0.21978327855051702
1.19,2025-04-15,29.98726473066277,0.0,0.0709462724752274,0.09807422939797618,0.07208671986492791,0.240026411120207
1.25,2025-04-16,30.04452625895792,0.0,0.095742295053405,0.09803300472080856,0.07357395743336036,0.2292191194801676
1.4,2025-04-17,30.20043191259819,0.0,0.06811969495583166,0.10017438332982274,0.07161410768188199,0.2176361067872724
1.42,2025-04-18,30.215011384132755,0.0,0.07902941751390218,0.10382339686131811,0.04994960694797184,0.2179633182395144
1.47,2025-04-19,30.268875556469368,0.0,0.08161321439597652,0.11024944998403849,0.060916693205114,0.24459246440320867
1.39,2025-04-20,30.186498640417675,0.0,0.05065472282941668,0.08349103600641072,0.07754698991816592,0.17958240974965362
1.28,2025-04-21,30.08092397596172,0.0,0.08317686860083554,0.11125247050900311,0.04506864487765796,0.15011120941961875
1.54,2025-04-22,30.338342971487428,0.0,0.05890179834348758,0.09491278411317268,0.05389263880448562,0.17719545593981986
1.65,2025-04-23,30.44787256781409,0.0,0.09805351587347276,0.07385291395671656,0.05381595542329268,0.17178913796267442
1.73,2025-04-24,30.531108784930225,0.1473012549900322,0.057433136387655646,0.07292754646219896,0.0616009463797253,0.21618345851139983
1.65,2025-04-25,30.44796202779609,0.0,0.07073120618635119,0.08671191593480304,0.08901843704710925,0.21337115997655293
1.67,2025-04-26,30.4655669124268,0.0,0.05426748340393219,0.10924484885557338,0.0433751273341911,0.2093461382704724
1.77,2025-04-27,30.5631515654564,0.1518787950652001,0.09984371259229735,0.10538404673704581,0.06593504971902976,0.15162434432094535
1.63,2025-04-28,30.423601175059765,0.0,0.07510975051656213,0.10943074823362033,0.04896823410061052,0.2228778054450648
1.75,2025-04-29,30.546796356570777,0.1495423366529681,0.07976925086600219,0.09586345282208047,0.0885338272704872,0.18235304124854915
1.82,2025-04-30,30.61680052046758,0.3090852681483369,0.05335382386942138,0.09200994989777452,0.04566517523637321,0.21650559890066312
1.84,2025-05-01,30.63501740213692,0.4712306113107541,0.08749802351995889,0.0773726263353142,0.060180050118079566,0.20565784285021532
1.74,2025-05-02,30.53194134631366,0.6186508036412768,0.06049527965477929,0.08640963768046557,0.07689424924173031,0.1842730925427907
1.73,2025-05-03,30.52916980676205,0.7656750617501409,0.09490271447203567,0.09170096830869376,0.07522772140137227,0.16345762671041075
1.84,2025-05-04,30.632117476162783,0.9274061297733956,0.060256982024100354,0.07443002148398087,0.06113643184469661,0.1594418897660481
1.79,2025-05-05,30.591133999691,1.0832824154435383,0.05953438603318333,0.08103059763556056,0.057326208397635914,0.23315183331122236
1.81,2025-05-06,30.607372689647708,1.2414785139646394,0.05182748339240475,0.09991126470318694,0.05988061892764353,0.24183975420815576
1.86,2025-05-07,30.656339289762084,1.4066698410735086,0.07360334725549997,0.1067831557119595,0.053213813157931965,0.21497880467642994
1.84,2025-05-08,30.63222310317067,1.5684159986693185,0.07824205666313082,0.11991737556964749,0.05026664693533999,0.16034341148604833
2.03,2025-05-09,30.8257575608501,1.7578099359336186,0.05328543197141762,0.11665566656717788,0.0641519848779445,0.1902027216888241
1.89,2025-05-10,30.691163679422687,1.927976175851145,0.08877638083475053,0.10212825997675956,0.05342668780338037,0.22289392001051575
1.87,2025-05-11,30.665223433677625,2.09443666637652,0.07266444173740137,0.0910624026647036,0.05437308324486251,0.22798208840100678
1.74,2025-05-12,30.53495134602388,2.2422868586656457,0.076219513466379,0.10180886823541163,0.07283780317372786,0.16182186222910885
1.8,2025-05-13,30.595741831253964,2.3988214059876407,0.07203813734691142,0.10928258090401159,0.0884268665849946,0.15000307188453824
1.84,2025-05-14,30.63760267689244,2.561336074115132,0.0700381530437663,0.07591680954616936,0.07018186002796875,0.2212137045880605
1.91,2025-05-15,30.70445000851673,2.733400361046093,0.07798201656541089,0.0904952444848144,0.04384897335324831,0.18565961759862057
1.69,2025-05-16,30.489350339684066,2.233400361046093,0.057762012296535624,0.11199011428178086,0.043779180692703354,0.17544813316182603
1.96,2025-05-17,30.758939849486868,2.413248910972789,0.05909640652476355,0.08919164759665221,0.0875711610422783,0.15128974697895256
1.65,2025-05-18,30.44197832297824,1.913248910972789,0.09308928105067588,0.09859361356135933,0.054864539515366684,0.20402994067614996
1.73,2025-05-19,30.530990387724497,2.0605332520762887,0.09730577310668163,0.09938846804310993,0.04460334930412377,0.2351150735425982
1.81,2025-05-20,30.60538372253535,2.218445212438481,0.06866546581398765,0.07922381265668196,0.06995222935751909,0.2457631646272588
1.73,2025-05-21,30.52505961700216,2.364882300581647,0.0635372336571777,0.08811177208261442,0.07118243891451331,0.20657449506132894
1.7,2025-05-22,30.498141536381493,1.8648823005816468,0.0821999771619508,0.08672556443709661,0.07242524100593441,0.20144613277398943
1.6,2025-05-23,30.39264695502064,1.3648823005816468,0.07043670855490482,0.07130983542660324,0.05337010139287706,0.1585056385489241
1.82,2025-05-24,30.62092231057879,1.52501405923576,0.05126931778301724,0.07120958819456777,0.04075553421072375,0.20488728015425994
1.5,2025-05-25,30.29634600470019,1.02501405923576,0.057807629868309514,0.11158485218378869,0.0882507684727236,0.18799790789653945
1.7,2025-05-26,30.500320574189683,1.1679169984057147,0.08579861144236989,0.08365354049864063,0.05254465228455513,0.2107135280883577
1.62,2025-05-27,30.41567807949022,0.6679169984057147,0.08294619709550757,0.09590393831194076,0.07380131440262737,0.18887263478765468
1.87,2025-05-28,30.66478965790949,0.8343155209642135,0.051354799625174176,0.08493627867943865,0.07533149349393548,0.17402991234503667
1.73,2025-05-29,30.524957834656018,0.980738068772216,0.061098608096647467,0.11703396225576705,0.07050037085397427,0.15949652752283763
1.67,2025-05-30,30.46238839283861,0.480738068772216,0.06155373982940357,0.0829648379432887,0.055645369710682416,0.18149184445888958
1.73,2025-05-31,30.524137838073848,0.6270434742113372,0.08359463717993643,0.09148284063694677,0.053554812688203286,0.15966448342877523
1.67,2025-06-01,30.4676103005149,0.1270434742113372,0.05098552688771821,0.1136365125242301,0.06988341413513514,0.1676896950823984
1.68,2025-06-02,30.472579061791,0.0,0.055205429099228695,0.11209667833959044,0.08330478168058457,0.2487336158579546
1.62,2025-06-03,30.41448986121136,0.0,0.08999580426865947,0.07930507089231387,0.08733668644616978,0.1944103556906619
1.78,2025-06-04,30.58003484839458,0.154290692627797,0.058927233102716685,0.11013216548978554,0.045295290220187884,0.20318717665050168
1.54,2025-06-05,30.333581155299235,0.0,0.08263730539259374,0.09290934433689464,0.04774143062988599,0.23736185287372155
1.64,2025-06-06,30.438646354524334,0.0,0.06190913905233633,0.09414844360426776,0.08723681293915399,0.2495568900490688
1.72,2025-06-07,30.512847780016106,0.1446925400023008,0.05497206963796726,0.0766739986207972,0.07682676141673962,0.20827144493446811
1.54,2025-06-08,30.338930487792013,0.0,0.062158609549972696,0.07403007568785623,0.08414969124148865,0.2312473821044172
1.61,2025-06-09,30.407774645603222,0.0,0.08611334659278296,0.10639696534868827,0.05013163170676716,0.18269410243366752
1.72,2025-06-10,30.52008032263049,0.1457257603757844,0.09278482340531428,0.09482305761776501,0.0693792935554701,0.1805743957447291
1.7,2025-06-11,30.49324715708264,0.0,0.09151099322834959,0.09184253513075899,0.07505697972087369,0.190270372099456
1.55,2025-06-12,30.34219526104349,0.0,0.06985917648092274,0.10647541143261983,0.07400559427234864,0.2172507262673649
1.59,2025-06-13,30.381772135758663,0.0,0.08340425682853231,0.1082756449495555,0.060407584543334905,0.21821916892550988
1.51,2025-06-14,30.31066530537294,0.0,0.060249214770791044,0.07794540838346768,0.04076974458456542,0.1815239434649451
1.68,2025-06-15,30.479377249366536,0.0,0.06465738651305067,0.10051125747388207,0.06914630284021316,0.16332099241366285
1.78,2025-06-16,30.57518346094892,0.1535976372784167,0.09481679092605601,0.07676770411388428,0.05265507695898044,0.21323962564655086
1.8,2025-06-17,30.600260826150407,0.3107777552999035,0.0506500961755368,0.10756875430145228,0.06251271230714452,0.16283258621887645
1.78,2025-06-18,30.581100064688915,0.4652206216840341,0.0542754265427234,0.10284775781335698,0.08787905075419088,0.20784925082293304
1.69,2025-06-19,30.48996772385557,0.0,0.06039431275730136,0.11783073105417288,0.059951765882121734,0.21934221280563088
1.53,2025-06-20,30.323413333693,0.0,0.05132661019369099,0.07344790081782106,0.08199008033322135,0.22006114963944515
1.65,2025-06-21,30.44764485623555,0.0,0.05907177175448986,0.07285273605756272,0.04942703028746256,0.22534721106595967
1.5,2025-06-22,30.30075301667506,0.0,0.0791520780484846,0.08410935373466001,0.07362302490125144,0.23728594215656645
1.66,2025-06-23,30.45188695308169,0.0,0.0710712275296249,0.0830852841867953,0.08885034772194718,0.19999589919647884
1.69,2025-06-24,30.48403605436847,0.0,0.09463358555384874,0.0823489399536,0.04509465504364684,0.22302491895295712
1.82,2025-06-25,30.619938874300765,0.1599912677572521,0.09087217808692204,0.11531272902605183,0.0404159971113596,0.21191727353658366
1.49,2025-06-26,30.2822343440058,0.0,0.0670908675848938,0.08247730999247531,0.06167913963163072,0.16866399397976825
1.75,2025-06-27,30.54467809284342,0.1492397275490599,0.06297117167156463,0.08359748630643155,0.04463127415256836,0.1525689644869408
1.71,2025-06-28,30.50807318363702,0.2932501823543484,0.06898462040836334,0.10796991312089815,0.07741921748381157,0.17845413856769335
1.61,2025-06-29,30.409267232910253,0.0,0.07951474712574039,0.09248699212252699,0.08572743319242795,0.19430337063376202
1.85,2025-06-30,30.648719246109767,0.1641027494442524,0.06340318204114381,0.10883552784775909,0.06170104863543794,0.2117105944428656
1.7,2025-07-01,30.497046421614336,0.0,0.08120744539245671,0.07326830787821927,0.05293558210777205,0.23499593305032054
1.77,2025-07-02,30.566176953630315,0.1523109933757592,0.07047058260956202,0.09437855968366919,0.06172016595033049,0.16962457167061656
1.74,2025-07-03,30.5325119977082,0.2998127073340733,0.077602359042599,0.07168068000916414,0.07617239089250005,0.1625549789898477
1.61,2025-07-04,30.401451004990605,0.0,0.07180632645676582,0.07313266017276772,0.04045270807901855,0.24634799474743282
1.76,2025-07-05,30.55882728220609,0.1512610403151555,0.06472328797709588,0.11532187266722055,0.06947269947423486,0.1608044559376407
1.81,2025-07-06,30.608881416016533,0.3096726711746603,0.09742266534810784,0.07696226855587976,0.07066458424436894,0.19784910701071887
1.53,2025-07-07,30.32520716922471,0.0,0.08818028970798805,0.09662103411376086,0.07188441234479678,0.20855637287933018
1.82,2025-07-08,30.612228802223,0.1588898288890001,0.05700565878832262,0.09055478013003532,0.05210110399904386,0.20413744209074383
1.67,2025-07-09,30.46728967735097,0.0,0.09342339879489564,0.08736716631294214,0.07570263616890634,0.1586032157032943
1.66,2025-07-10,30.45968073217304,0.0,0.07437155991247568,0.11499166728436362,0.04456957431658882,0.15570269140036194
1.86,2025-07-11,30.658334633784403,0.1654763762549146,0.09472761134470456,0.07109116983877448,0.04996351682334004,0.16054834274610355
1.83,2025-07-12,30.62374632846172,0.3260115660351604,0.08999276279736575,0.10318948430877944,0.08387350233272409,0.20855876838726126
1.67,2025-07-13,30.46349307262722,0.0,0.07126067522346168,0.11816972171067752,0.07693615753632832,0.2044344887634321
1.74,2025-07-14,30.53896045828797,0.1484229226125672,0.05112346541600587,0.0980084091730921,0.040687277700567265,0.17337407920367442
1.58,2025-07-15,30.37979284398944,0.0,0.06343386796924731,0.1168411231016546,0.05241881301849,0.2137774141845592
1.87,2025-07-16,30.66616994219897,0.1665957060284242,0.07708171073304335,0.07261289396430119,0.05072032414965823,0.2320067502055649
1.81,2025-07-17,30.608777531442016,0.3249924962344264,0.08167391099130737,0.09093966595370809,0.05354031640184862,0.15415789598465937
1.74,2025-07-18,30.53669695268305,0.4730920609034338,0.06289438427166011,0.08300788954810256,0.05237798851399432,0.19981299435480424
1.62,2025-07-19,30.41727681355292,0.0,0.05696780370364121,0.10654104824903647,0.04312631478714229,0.21893104121026905
1.54,2025-07-20,30.33200131542996,0.0,0.09174651183996496,0.11906485452486232,0.06294702582984102,0.1752311927069687
1.45,2025-07-21,30.2434368196669,0.0,0.0992201090351776,0.08282650312221239,0.07663667373930826,0.1807770905293149
1.57,2025-07-22,30.368514914417272,0.0,0.07628450911513429,0.10270873007370374,0.07033658623587183,0.21136379029893843
1.72,2025-07-23,30.513604899501168,0.1448006999287382,0.05858396429241518,0.079904881637987,0.07364358342990399,0.2397935293443737
1.67,2025-07-24,30.46213145383833,0.0,0.06361536632596844,0.09826651272858049,0.04405745892681196,0.23099244203029
1.74,2025-07-25,30.53859125762716,0.1483701796610229,0.050919533827373326,0.0931966243344168,0.08757453550883935,0.20831302190995835
1.65,2025-07-26,30.44290090637316,0.0,0.09571494032802495,0.11860026648157686,0.08192459169215124,0.22302217177572492
1.78,2025-07-27,30.571500577605875,0.1530715110865535,0.05588755414450706,0.10042636363482331,0.08025451592478314,0.18648224702077987
1.3,2025-07-28,30.098529052302897,0.0,0.07882582377571268,0.08747531860434093,0.08114919025208837,0.21409655280987577
1.75,2025-07-29,30.5487857302398,0.1498265328913994,0.0637027610343603,0.07570478924439666,0.08663552540663806,0.1966181591127557
1.67,2025-07-30,30.46354316420935,0.0,0.07770890012578967,0.07756234143674673,0.06721269830568488,0.1689936136457561
1.74,2025-07-31,30.54050982561291,0.1486442608018445,0.0825710194175932,0.08126584649756176,0.05001410089338129,0.2201738273877257
1.57,2025-08-01,30.3649663226249,0.0,0.09148709018536008,0.08254833306701491,0.07083918039262706,0.2056464637348822
1.48,2025-08-02,30.280753334034927,0.0,0.06032106358803017,0.11253080289205689,0.07714407468339696,0.1858621581953592
1.56,2025-08-03,30.35598378712461,0.0,0.05054979143292403,0.09806113941412624,0.07689586966770127,0.2411339190078631
1.5,2025-08-04,30.29602212507988,0.0,0.05684428150344037,0.09616954556871832,0.066072451208344,0.15209341178267333
1.52,2025-08-05,30.31595341371305,0.0,0.09500093209240525,0.07573844359346088,0.0434229359666789,0.18157731512494962
1.36,2025-08-06,30.155877760453656,0.0,0.09369450387812576,0.11300698466747176,0.05855564692150639,0.15568813977776466
1.64,2025-08-07,30.44086065362451,0.0,0.07987065510851542,0.10614071516042418,0.08603833042316787,0.2266527316221627
1.56,2025-08-08,30.355846640191185,0.0,0.08002584302168267,0.07338341809500008,0.0692224454878713,0.22021074541137928
1.36,2025-08-09,30.151880048650447,0.0,0.08325183372731278,0.10539175486148845,0.06691659716278567,0.18313522187363168
1.53,2025-08-10,30.329287729763703,0.0,0.05876856393117248,0.0971769108671323,0.05344267571910967,0.21756629022070728
1.31,2025-08-11,30.10323428928893,0.0,0.095720597296248,0.07408626728733891,0.058422445995828944,0.18959372261959492
1.53,2025-08-12,30.32992032916388,0.0,0.07093852624460366,0.09291503207643281,0.08476730445765847,0.22562537914224345
1.31,2025-08-13,30.10487124824904,0.0,0.06915692641247488,0.09423481435650237,0.07332315237634178,0.1954183662736706
1.34,2025-08-14,30.134181037327263,0.0,0.07594588526414188,0.07828872700816379,0.07936935133761665,0.19122797278316658
1.53,2025-08-15,30.32417681970931,0.0,0.05234829833875275,0.11728490735001412,0.06271727115338276,0.24347299154883006
1.43,2025-08-16,30.22551555023846,0.0,0.05831416843780397,0.1124987685740331,0.07151236097280789,0.17508790998907003
1.44,2025-08-17,30.23173419130478,0.0,0.08690168082131852,0.10345111686645539,0.05241918043716038,0.16204473399965658
1.39,2025-08-18,30.183139060078776,0.0,0.05413993339625632,0.09311477805003036,0.07527304151417431,0.2084543113259458
1.38,2025-08-19,30.175840733909688,0.0,0.0801576054733194,0.09058827707922544,0.061380066685166865,0.2469321812284179
1.35,2025-08-20,30.14428564080972,0.0,0.062267455484066044,0.1025486733575477,0.06212727574073727,0.18778392137271868
1.53,2025-08-21,30.3236112098288,0.0,0.06946478070209883,0.09727159347034528,0.0724661162288441,0.15620367636287816
1.55,2025-08-22,30.348601510352484,0.0,0.064434686838535,0.07311365529409428,0.08681403107344633,0.1839305267309568
1.31,2025-08-23,30.10380331615472,0.0,0.06778363582324747,0.09562513243851659,0.04320031733043105,0.20059316543195585
1.19,2025-08-24,29.98326719970337,0.0,0.08595229525921227,0.11032018086164198,0.08123716186735037,0.16619230066322135
1.25,2025-08-25,30.043262506466068,0.0,0.06485608578115876,0.09296199387984792,0.05461915552060966,0.21581022180564918
1.28,2025-08-26,30.078381602286743,0.0,0.07832023201484486,0.07259782887771342,0.06219597272531889,0.24977493890102004
1.24,2025-08-27,30.0335058581306,0.0,0.07380252010995499,0.10931390996920164,0.04109566643875045,0.1951739475981444
1.11,2025-08-28,29.909251509715155,0.0,0.0831835582681324,0.08006818910679872,0.055052303891715657,0.1854728556730213
1.2,2025-08-29,29.99737194259168,0.0,0.0968414869662379,0.08293104174440193,0.06513156213150653,0.19007041668344662
0.92,2025-08-30,29.718098369593505,0.0,0.08662860486051252,0.07823531767161479,0.04280880386737195,0.16151461783952012
1.32,2025-08-31,30.118614909978675,0.0,0.06074701892953784,0.08651075324357488,0.06455478646915826,0.2383273601426224
1.11,2025-09-01,29.908214614964955,0.0,0.05155915675306424,0.10783757528443175,0.08635553144292137,0.1914825655521352
1.02,2025-09-02,29.82076988904256,0.0,0.06311320221499125,0.09596929297519688,0.04526966090539026,0.18872744114248408
0.98,2025-09-03,29.78025881112195,0.0,0.07975389653501275,0.08024406370753563,0.07822203640377523,0.21596902729304743
0.98,2025-09-04,29.77128539413809,0.0,0.05257129067421251,0.11389150390760203,0.06048355266879963,0.1942033420931124
1.08,2025-09-05,29.87528025736876,0.0,0.07481831236006181,0.11397909274757646,0.0727586857262169,0.21482334688078464
1.05,2025-09-06,29.841490116345327,0.0,0.07984214244584445,0.11352892125230037,0.05301182989926147,0.15614462901307877
0.97,2025-09-07,29.761327971028955,0.0,0.06671219454084805,0.08193981056907697,0.04797461312706792,0.2313723343722228
0.9,2025-09-08,29.69674374048341,0.0,0.0885456101872911,0.0925619672090494,0.04802313071356133,0.24405039528794029
0.82,2025-09-09,29.61648579730676,0.0,0.05532991265668859,0.11924948280704376,0.04352459728215723,0.21487653861593858
0.99,2025-09-10,29.78521880175364,0.0,0.053756889086790445,0.10860062381549951,0.04928233524506216,0.2454565928858811
1.02,2025-09-11,29.81386162269524,0.0,0.08640943781018016,0.07135837106127799,0.07321096924944841,0.16514323143699633
0.95,2025-09-12,29.74883060490874,0.0,0.07477456581030992,0.0732602295630246,0.08408453059217541,0.19774161894803532
0.82,2025-09-13,29.61345677274184,0.0,0.0844201198213868,0.09319656884061664,0.0807062842795581,0.21018067339454474
0.75,2025-09-14,29.54340579733598,0.0,0.07174136693018732,0.11546101029307801,0.07425671549372422,0.20817366474211868
0.8,2025-09-15,29.60108394900747,0.0,0.06232010166195535,0.0969350898976357,0.04552159317055513,0.1901461779089044
0.89,2025-09-16,29.681966162375275,0.0,0.09095511588370998,0.09489062540171452,0.0544593723147975,0.18380844093662613
0.64,2025-09-17,29.43496861572895,0.0,0.08997079394844895,0.07527368499783153,0.05549034376612344,0.16268240225504188
0.66,2025-09-18,29.45689407206581,0.0,0.08473482354272134,0.10283900523621468,0.052497847319881066,0.18917424505622785
0.96,2025-09-19,29.75208356624352,0.0,0.06360725686149814,0.11110515803001127,0.06575028298548616,0.16626608151054853
0.9,2025-09-20,29.694609008490016,0.0,0.07951153334345436,0.08902100037537812,0.06677769074398364,0.22343656764922185
0.42,2025-09-21,29.21820552308074,0.0,0.06804869484700134,0.10878059254626637,0.05784429875855551,0.170883093549459
0.64,2025-09-22,29.440533678075127,0.0,0.05457910366633171,0.11822383269504055,0.05768945793682181,0.15585653052845339
0.56,2025-09-23,29.352678311714097,0.0,0.09586567877311213,0.08018832295638445,0.08142777989530407,0.20523661378172342
0.68,2025-09-24,29.475398778671394,0.0,0.05684093154594807,0.09616648155973706,0.07946464241598428,0.2095229732719401
0.42,2025-09-25,29.218949479356443,0.0,0.09751186769104012,0.08435689790422878,0.05538979158403729,0.23719130612805056
0.59,2025-09-26,29.381430805533515,0.0,0.07230028864789778,0.10964272095169197,0.08568942219366298,0.20769816124176818
0.51,2025-09-27,29.30702495441657,0.0,0.05925664644193098,0.09887966829405788,0.0876407508501253,0.18454808537234452
0.62,2025-09-28,29.41531009333832,0.0,0.07709504736891791,0.10172912087751519,0.05633712710150204,0.23030118815263204
0.45,2025-09-29,29.25015978622889,0.0,0.09364729179382039,0.10989570798079472,0.05772124743965275,0.2040278893187421
0.55,2025-09-30,29.34350592838653,0.0,0.08661124432047806,0.08979852363312275,0.06528170767109795,0.15792802846311918
0.22,2025-10-01,29.0160884197606,0.0,0.09032805739307248,0.11575450342035216,0.08705604062668366,0.20658505603132465
0.29,2025-10-02,29.08455128665695,0.0,0.08293916833553587,0.096651443362307,0.08381597165711557,0.24080185454216627
0.48,2025-10-03,29.281253696418137,0.0,0.08461382822589263,0.07789774114176741,0.04512839812917949,0.18963126254982204
0.33,2025-10-04,29.128648917097845,0.0,0.09245978257826595,0.10479495590844012,0.05963653716357081,0.17963258018998
0.34,2025-10-05,29.13241926669172,0.0,0.062483400442959296,0.10966306752191271,0.0676685594874886,0.164346945701802
0.32,2025-10-06,29.11732180239204,0.0,0.07447124818215703,0.08583808385337634,0.065156623627577,0.16514455219353572
0.39,2025-10-07,29.18925981668665,0.0,0.06106047209098011,0.11285896284993764,0.04969315339684463,0.1932771484341819
0.27,2025-10-08,29.067568373440967,0.0,0.09938340039983236,0.11530716273828832,0.08294083855840774,0.20956798241615296
0.11,2025-10-09,28.90374451842246,0.0,0.09720296698433067,0.08384522436889044,0.07384703914984186,0.15806154051696017
0.04,2025-10-10,28.83663561666797,0.0,0.0519713405684253,0.1191760736357611,0.08189541874259018,0.24395685890251656
0.12,2025-10-11,28.920687547048395,0.0,0.08527875862578442,0.07703557640243792,0.08293821396747361,0.22551336174451958
0.13,2025-10-12,28.92245944649568,0.0,0.0962624158707833,0.0801007834201245,0.07741779268328698,0.20866239182836627
0.12,2025-10-13,28.91180991956339,0.0,0.05902876725636668,0.07921124196190131,0.06196053006248587,0.2328438670938991
-0.04,2025-10-14,28.754879490235105,0.0,0.07839726152763148,0.11469948550039354,0.07052733775077122,0.1580186756812113
0.17,2025-10-15,28.96422763632236,0.0,0.09577441487940208,0.1027146276162481,0.04801827030598716,0.19768388777331244
0.03,2025-10-16,28.827317640568,0.0,0.051697298929289946,0.07760521416111364,0.07368227087374539,0.21300931268616632
-0.06,2025-10-17,28.73184731725721,0.0,0.084871013362342,0.09201617091841743,0.04896266278696404,0.23286529061182892
-0.08,2025-10-18,28.71826846339702,0.0,0.06486745036862754,0.1007649012534901,0.07469747952550783,0.22834695600492677
-0.09,2025-10-19,28.7074776472087,0.0,0.09621980976882652,0.07417320424946916,0.05147990803769843,0.17770692497133997
-0.09,2025-10-20,28.705417077319748,0.0,0.09855291225826839,0.11412081842036693,0.045877565007511,0.24408801695592042
-0.13,2025-10-21,28.66811687345108,0.0,0.09721332445567168,0.11018017677207677,0.048264224507147874,0.16243458414308704
-0.15,2025-10-22,28.644905624121904,0.0,0.07371071083287319,0.09526033867883192,0.04009960676095352,0.2375133618621152
-0.14,2025-10-23,28.6574048117402,0.0,0.09310213254946569,0.11835633076295851,0.07593698089267652,0.24709402496046187
-0.15,2025-10-24,28.643865441291783,0.0,0.09222746992675351,0.090888048963755,0.07662005245291896,0.16771535232226256
-0.1,2025-10-25,28.69491455905384,0.0,0.06595502366216278,0.1192055159518249,0.06574666749566298,0.2222066064203785
-0.11,2025-10-26,28.68435233752269,0.0,0.09144577370753386,0.10339599994018135,0.04806814005276918,0.15402855187779985
-0.21,2025-10-27,28.582115880605308,0.0,0.05185038173577464,0.10173356366269708,0.044177716875534484,0.1905422825139155
-0.13,2025-10-28,28.66230232754956,0.0,0.07981349392410265,0.07829774476478925,0.04095644832186435,0.2016283299197674
-0.53,2025-10-29,28.270932566132235,0.0,0.06150044186438515,0.1140963879152322,0.048287408848261035,0.20806452259096342
-0.44,2025-10-30,28.353202430336683,0.0,0.05602834428886395,0.09137448439603076,0.08454277674915733,0.243593724824856
-0.23,2025-10-31,28.566256938398503,0.0,0.053847660081460455,0.07811167028912397,0.05207684208508409,0.2172250687294195
-0.42,2025-11-01,28.37693929188357,0.0,0.08481443879390699,0.07063037599878795,0.05771356636086079,0.1981277951219237
-0.45,2025-11-02,28.343982305835,0.0,0.06699374818840331,0.09798778418191911,0.04526727422406666,0.2309675036265889
-0.37,2025-11-03,28.425904366813857,0.0,0.08623833857643808,0.0963699811061338,0.051118065237408514,0.24505328209544092
-0.5,2025-11-04,28.292366781871408,0.0,0.05326781703994711,0.10596768111845793,0.06596122853901025,0.15220661486822906
-0.49,2025-11-05,28.30386264019018,0.0,0.06576451689153051,0.1145129026508901,0.07038763415478264,0.24825212722560383
-0.22,2025-11-06,28.573543812811923,0.0,0.07697456461876687,0.07397032923215147,0.05226761570831055,0.15861321390636804
-0.48,2025-11-07,28.316470386918983,0.0,0.08953615824194817,0.10657482451701812,0.04288660796125586,0.2314386779268761
-0.55,2025-11-08,28.24691601967922,0.0,0.0659376251466035,0.0793705972048791,0.059551643456369936,0.17803347525514124
-0.48,2025-11-09,28.31460820305913,0.0,0.08129456882185045,0.11290885265785822,0.05171016854631671,0.16321796577538716
-0.7,2025-11-10,28.099731407613405,0.0,0.09429888741180936,0.11095317569308279,0.050977696161490095,0.1939855639713835
-0.52,2025-11-11,28.27636780574857,0.0,0.08079315940911523,0.09703968774927722,0.08799314013567276,0.21439565794476134
-0.57,2025-11-12,28.22963141470212,0.0,0.06164797373768168,0.10551213993116558,0.0708150242962862,0.1880951845023475
-0.65,2025-11-13,28.14842791157547,0.0,0.0512200390778269,0.08571750565918741,0.0678439221586048,0.15545654082826987
-0.59,2025-11-14,28.20807559902134,0.0,0.0935049436950465,0.09355839494664074,0.06078875517616609,0.20994611396587165
-0.65,2025-11-15,28.14754683553448,0.0,0.05106347054251936,0.11108184488552358,0.06144721667150722,0.24024032761106745
-0.69,2025-11-16,28.10614215224464,0.0,0.09373508363420996,0.09296325985866069,0.06704525019190404,0.1883215365947252
-0.69,2025-11-17,28.10685516155509,0.0,0.07644685670136059,0.08788991326627209,0.07482149035180537,0.1716332777630827
-0.74,2025-11-18,28.05140798970957,0.0,0.0969533849256448,0.094710622362515,0.07510730480909146,0.19425773459328158
-0.66,2025-11-19,28.1386338131605,0.0,0.08993916178868328,0.11141246262186091,0.048584695385272485,0.1548362711048781
-0.92,2025-11-20,27.872705955587016,0.0,0.09989670552666688,0.08676040236854364,0.06500563760383135,0.23204875844802747
-0.78,2025-11-21,28.0117335714964,0.0,0.06753559077258552,0.07868807965678719,0.060597904751705095,0.2326340810950187
-0.96,2025-11-22,27.83582548750298,0.0,0.08835941444655634,0.10560070101653905,0.08352634831346921,0.20880004634296284
-0.8,2025-11-23,27.99551080026628,0.0,0.07009654568046211,0.11129891063540408,0.07157094606091882,0.18531028889383888
-0.95,2025-11-24,27.84409549981354,0.0,0.07399378101519544,0.07503187392617668,0.06662520332079909,0.2299783364445784
-0.84,2025-11-25,27.9519321673696,0.0,0.0813752731609185,0.08199370563779723,0.04576973210894587,0.20546870247883672
-0.84,2025-11-26,27.95316352328854,0.0,0.09368385570931693,0.07709859948804969,0.07028189446617057,0.23259323085500164
-0.87,2025-11-27,27.9214450304773,0.0,0.09920417345996477,0.08739707057910834,0.045860195284011675,0.2131458792583021
-0.88,2025-11-28,27.91386196163754,0.0,0.08841367069322591,0.09251754894527064,0.0568603287782876,0.2284405473212797
-0.81,2025-11-29,27.98932068046964,0.0,0.07088833910836669,0.10744131684816532,0.04714209824071659,0.209856299321776
-0.93,2025-11-30,27.86161245571557,0.0,0.07106785011385351,0.1025573792440837,0.07460368235121845,0.19141410682156662
-1.07,2025-12-01,27.72883220261159,0.0,0.08687911507944457,0.10104642837392155,0.05031260569180763,0.2457945859926137
-0.94,2025-12-02,27.86098593971984,0.0,0.06193885728841511,0.08761874733048272,0.0595929686594013,0.20411138248788446
-1.04,2025-12-03,27.7532329940263,0.0,0.055523705656569736,0.112072377654238,0.08478373888093893,0.21050895185405383
-1.16,2025-12-04,27.63676921908204,0.0,0.06773110788203883,0.09356435836990823,0.050215819169948515,0.17204876394147492
-1.13,2025-12-05,27.670157913739867,0.0,0.06436194958270408,0.11895524690075772,0.06539025319793895,0.21256507894272764
-1.05,2025-12-06,27.74986482435859,0.0,0.0648154060227995,0.10170710691478685,0.06096358305830111,0.2071607649482944
-1.05,2025-12-07,27.74619401613573,0.0,0.0616803875524955,0.07631323707822514,0.04090620205228649,0.1684838397947025
-1.13,2025-12-08,27.662021961028625,0.0,0.05210465948181809,0.1038088781037717,0.07963790567864064,0.15595870973531437
-1.05,2025-12-09,27.74152332006849,0.0,0.050893696736670685,0.08625520077158495,0.04345229531572999,0.2104359319714771
-1.2,2025-12-10,27.5968491901901,0.0,0.09938611948680158,0.10431635983430487,0.06371275104884767,0.22636922693503206
-1.21,2025-12-11,27.58552479861211,0.0,0.07138865668679312,0.07348205740812028,0.06803391474694749,0.20234013709220086
-0.99,2025-12-12,27.801521467223093,0.0,0.06921633235798408,0.07874407185879798,0.07142132283072936,0.17267726253196455
-1.1,2025-12-13,27.697517714110194,0.0,0.0839823641346535,0.11278686294528932,0.07443158146539378,0.2166521976693035
-1.21,2025-12-14,27.58814518000624,0.0,0.060912694393253204,0.08135897785117574,0.052663619176135754,0.15801057266096022
-1.07,2025-12-15,27.723484243407405,0.0,0.09749805919751128,0.11185205626214702,0.04049893883292247,0.19418337048019543
-1.12,2025-12-16,27.674454004168616,0.0,0.0893172507207776,0.08396380442272053,0.0761721831177456,0.16633667583984202
-1.15,2025-12-17,27.64465284683304,0.0,0.05447055011561298,0.10214409550293536,0.06678282996737893,0.16844590510598834
-1.21,2025-12-18,27.582218877827724,0.0,0.07087903878924642,0.10470752867549155,0.08180588516036244,0.17022939491582037
-1.07,2025-12-19,27.727593436468783,0.0,0.09395591537810824,0.09563273765725264,0.08106941814503471,0.18867070570439776
-1.23,2025-12-20,27.564185695322124,0.0,0.09723660111457053,0.08526553383483657,0.08216630838939416,0.15511502056203977
-1.1,2025-12-21,27.692400891588942,0.0,0.07337007556249348,0.0806322188185548,0.06425473299897701,0.18977934409290984
-1.27,2025-12-22,27.52895016865474,0.0,0.08067056946053539,0.0716594677281213,0.05668141979184328,0.2011707447114701
-1.05,2025-12-23,27.75033397567536,0.0,0.05835169730460376,0.08519732006203619,0.0795779101295685,0.1983294284966325
-1.02,2025-12-24,27.77329610154909,0.0,0.09955843130684883,0.10265813952656415,0.06256470565146274,0.18827841004030407
-1.3,2025-12-25,27.497292997348403,0.0,0.06158358506917217,0.11691524092242414,0.04917210982017173,0.23391466080707524
-1.22,2025-12-26,27.573542620734383,0.0,0.09713658870675627,0.1135602241131526,0.08274870097807373,0.1645326692420504
-1.32,2025-12-27,27.47790255227901,0.0,0.08248233244961842,0.10830323882676512,0.08412799383861737,0.20056967437813739
-1.2,2025-12-28,27.598664677310484,0.0,0.08038683974394296,0.10942236716266492,0.0633154878070085,0.15620414169565544
-1.3,2025-12-29,27.492795504690427,0.0,0.07563442555082543,0.10324924517379976,0.04378498636548937,0.157115567887791
-1.08,2025-12-30,27.720613375081864,0.0,0.06153349058588793,0.08301434287830015,0.059391304495846564,0.20738658496770962
-1.29,2025-12-31,27.50218632868733,0.0,0.05882640160027541,0.11535975153529147,0.08017688297313016,0.20660184248878208
